timestamp,location_id,household_energy_usage,commercial_energy_usage,industrial_energy_usage,solar_energy_generated,wind_energy_generated
2024-06-29 16:36:38.921213,6,4.95,15.4,21.2,8.05,13.47
2024-06-29 16:41:38.921213,5,4.28,7.89,20.26,5.62,7.55
2024-06-29 16:46:38.921213,7,1.48,5.7,2.14,6.48,13.04
2024-06-29 16:51:38.921213,8,4.38,2.35,48.22,4.17,3.33
2024-06-29 16:56:38.921213,7,3.84,9.81,21.73,8.31,3.57
2024-06-29 17:01:38.921213,6,4.34,4.19,46.14,9.31,2.16
2024-06-29 17:06:38.921213,4,4.47,7.67,27.62,7.39,8.23
2024-06-29 17:11:38.921213,6,3.01,10.44,11.85,7.65,8.99
2024-06-29 17:16:38.921213,8,0.23,8.43,14.88,9.74,1.89
2024-06-29 17:21:38.921213,8,0.46,0.23,11.39,3.92,13.69
2024-06-29 17:26:38.921213,8,4.06,5.91,4.24,0.23,10.47
2024-06-29 17:31:38.921213,3,3.81,8.21,7.33,0.67,2.26
2024-06-29 17:36:38.921213,4,2.17,4.29,33.24,1.86,6.9
2024-06-29 17:41:38.921213,1,0.14,10.7,13.42,5.29,14.87
2024-06-29 17:46:38.921213,3,3.33,14.93,21.75,1.2,9.79
2024-06-29 17:51:38.921213,3,3.93,4.75,39.77,0.6,9.08
2024-06-29 17:56:38.921213,10,1.73,17.62,32.72,8.96,2.02
2024-06-29 18:01:38.921213,3,2.23,2.52,2.69,5.32,2.39
2024-06-29 18:06:38.921213,7,0.28,14.16,0.18,5.86,13.99
2024-06-29 18:11:38.921213,3,1.76,12.32,7.88,5.16,12.28
2024-06-29 18:16:38.921213,9,4.59,5.39,29.29,7.56,7.97
2024-06-29 18:21:38.921213,7,4.22,19.8,29.5,1.12,11.96
2024-06-29 18:26:38.921213,10,0.67,11.39,10.69,5.01,4.27
2024-06-29 18:31:38.921213,2,0.12,13.84,31.84,4.71,13.1
2024-06-29 18:36:38.921213,6,1.4,6.55,36.76,3.51,6.45
2024-06-29 18:41:38.921213,5,4.32,4.33,7.02,2.11,8.81
2024-06-29 18:46:38.921213,3,1.98,18.94,37.26,7.51,3.01
2024-06-29 18:51:38.921213,6,0.88,16.15,25.43,6.33,12.86
2024-06-29 18:56:38.921213,2,3.22,1.34,22.67,3.64,1.23
2024-06-29 19:01:38.921213,4,4.54,13.76,35.73,4.27,1.97
2024-06-29 19:06:38.921213,6,3.75,9.31,49.6,0.56,0.99
2024-06-29 19:11:38.921213,2,1.57,4.55,40.3,9.19,0.1
2024-06-29 19:16:38.921213,10,1.75,13.61,20.88,9.18,0.75
2024-06-29 19:21:38.921213,4,1.02,1.12,7.72,1.89,6.66
2024-06-29 19:26:38.921213,7,0.75,8.99,30.37,3.33,12.25
2024-06-29 19:31:38.921213,8,2.74,3.74,27.28,4.85,4.34
2024-06-29 19:36:38.921213,10,4.38,13.08,18.39,0.0,2.42
2024-06-29 19:41:38.921213,4,3.53,1.07,6.16,9.56,3.25
2024-06-29 19:46:38.921213,6,3.75,5.8,37.88,4.58,9.86
2024-06-29 19:51:38.921213,7,3.65,1.75,24.03,4.38,7.95
2024-06-29 19:56:38.921213,8,2.93,18.03,27.43,7.98,1.32
2024-06-29 20:01:38.921213,3,0.14,9.65,31.26,7.3,2.82
2024-06-29 20:06:38.921213,1,2.21,14.67,4.5,6.86,5.93
2024-06-29 20:11:38.921213,4,4.41,1.49,16.49,6.52,5.23
2024-06-29 20:16:38.921213,7,1.09,15.74,25.42,8.66,0.22
2024-06-29 20:21:38.921213,1,3.82,16.95,6.51,4.02,4.41
2024-06-29 20:26:38.921213,1,3.0,6.11,0.02,7.65,9.39
2024-06-29 20:31:38.921213,10,4.1,6.7,49.17,4.23,11.79
2024-06-29 20:36:38.921213,1,0.73,3.55,28.12,9.38,7.44
2024-06-29 20:41:38.921213,2,3.9,6.0,3.11,1.89,2.11
2024-06-29 20:46:38.921213,2,1.27,4.35,31.01,1.94,9.13
2024-06-29 20:51:38.921213,1,1.45,7.72,12.77,6.89,4.42
2024-06-29 20:56:38.921213,4,2.17,11.9,42.16,6.9,3.87
2024-06-29 21:01:38.921213,8,1.77,1.33,22.52,8.18,1.25
2024-06-29 21:06:38.921213,6,1.81,2.72,38.83,8.14,1.03
2024-06-29 21:11:38.921213,1,4.68,9.62,28.1,5.33,1.59
2024-06-29 21:16:38.921213,6,0.4,14.77,12.1,4.89,6.88
2024-06-29 21:21:38.921213,10,4.91,4.62,25.37,4.46,8.02
2024-06-29 21:26:38.921213,7,3.26,17.55,29.69,1.86,12.61
2024-06-29 21:31:38.921213,5,4.32,19.29,13.84,1.04,14.34
2024-06-29 21:36:38.921213,1,1.16,1.59,29.88,3.38,5.5
2024-06-29 21:41:38.921213,4,3.76,19.74,4.94,3.22,3.43
2024-06-29 21:46:38.921213,7,3.24,8.42,31.96,8.15,5.09
2024-06-29 21:51:38.921213,9,2.53,2.49,28.25,5.92,14.15
2024-06-29 21:56:38.921213,7,0.5,3.35,27.87,1.5,11.52
2024-06-29 22:01:38.921213,9,1.68,19.58,23.88,4.25,0.79
2024-06-29 22:06:38.921213,2,0.89,8.37,10.04,3.43,12.31
2024-06-29 22:11:38.921213,4,3.76,5.11,40.48,6.34,7.21
2024-06-29 22:16:38.921213,7,1.78,18.71,42.96,7.75,14.95
2024-06-29 22:21:38.921213,4,1.19,7.5,39.08,0.94,4.62
2024-06-29 22:26:38.921213,8,3.26,3.4,15.32,0.83,1.49
2024-06-29 22:31:38.921213,2,0.29,15.45,34.68,9.74,13.44
2024-06-29 22:36:38.921213,1,2.81,17.04,16.78,3.08,9.03
2024-06-29 22:41:38.921213,5,3.47,7.67,35.1,1.75,1.55
2024-06-29 22:46:38.921213,6,2.71,5.31,18.22,3.46,10.39
2024-06-29 22:51:38.921213,2,2.61,1.92,48.65,1.37,3.96
2024-06-29 22:56:38.921213,10,2.23,12.53,47.01,1.05,10.99
2024-06-29 23:01:38.921213,8,3.04,0.94,13.89,5.78,12.79
2024-06-29 23:06:38.921213,7,4.38,6.21,31.99,3.23,7.26
2024-06-29 23:11:38.921213,5,2.79,12.94,6.99,8.23,11.1
2024-06-29 23:16:38.921213,4,0.69,2.38,40.2,5.06,1.63
2024-06-29 23:21:38.921213,3,0.14,15.11,48.7,8.27,10.0
2024-06-29 23:26:38.921213,8,2.42,16.2,3.76,8.35,7.37
2024-06-29 23:31:38.921213,2,1.21,0.03,44.83,0.22,3.94
2024-06-29 23:36:38.921213,9,2.94,12.05,20.44,8.87,11.96
2024-06-29 23:41:38.921213,8,0.54,14.57,45.79,5.05,9.29
2024-06-29 23:46:38.921213,6,4.4,18.13,39.67,0.99,13.25
2024-06-29 23:51:38.921213,5,1.88,11.62,15.72,2.33,11.06
2024-06-29 23:56:38.921213,1,1.01,11.77,16.05,1.08,9.88
2024-06-30 00:01:38.921213,8,4.06,3.87,20.8,5.87,5.83
2024-06-30 00:06:38.921213,6,0.34,5.86,41.09,3.2,8.62
2024-06-30 00:11:38.921213,3,3.89,17.42,19.74,1.93,14.43
2024-06-30 00:16:38.921213,5,0.75,4.38,4.05,5.58,7.17
2024-06-30 00:21:38.921213,2,2.87,4.35,38.49,2.93,6.12
2024-06-30 00:26:38.921213,10,3.36,7.61,34.09,8.46,6.31
2024-06-30 00:31:38.921213,9,0.89,15.86,28.95,7.85,2.9
2024-06-30 00:36:38.921213,1,4.12,9.99,32.09,1.83,0.33
2024-06-30 00:41:38.921213,6,2.18,0.37,42.38,4.15,5.11
2024-06-30 00:46:38.921213,3,4.98,13.83,11.18,9.46,6.99
2024-06-30 00:51:38.921213,8,3.73,18.87,16.43,6.33,8.38
2024-06-30 00:56:38.921213,9,3.02,4.13,43.17,0.01,8.55
2024-06-30 01:01:38.921213,8,0.11,3.9,44.48,1.79,4.33
2024-06-30 01:06:38.921213,5,3.32,14.12,23.68,4.16,12.06
2024-06-30 01:11:38.921213,10,1.01,6.05,4.42,3.18,1.58
2024-06-30 01:16:38.921213,10,0.55,19.34,35.81,0.9,3.97
2024-06-30 01:21:38.921213,4,4.17,0.2,26.3,5.81,9.12
2024-06-30 01:26:38.921213,2,4.06,13.86,32.87,2.51,7.64
2024-06-30 01:31:38.921213,4,2.99,9.22,44.59,2.89,0.4
2024-06-30 01:36:38.921213,9,0.99,17.1,49.86,7.45,8.64
2024-06-30 01:41:38.921213,8,4.6,19.24,15.08,6.93,13.35
2024-06-30 01:46:38.921213,10,3.88,1.74,22.65,5.43,7.38
2024-06-30 01:51:38.921213,6,3.57,8.65,15.11,8.66,12.49
2024-06-30 01:56:38.921213,2,1.54,0.71,14.39,3.63,13.2
2024-06-30 02:01:38.921213,7,2.92,19.4,40.11,6.91,3.17
2024-06-30 02:06:38.921213,4,0.1,15.05,18.3,4.29,5.01
2024-06-30 02:11:38.921213,6,2.82,17.17,12.45,0.75,2.27
2024-06-30 02:16:38.921213,4,0.81,11.43,23.34,1.27,14.04
2024-06-30 02:21:38.921213,1,2.19,2.88,5.5,3.21,14.05
2024-06-30 02:26:38.921213,5,4.57,1.17,42.43,8.96,11.22
2024-06-30 02:31:38.921213,7,0.19,0.62,12.3,6.28,13.92
2024-06-30 02:36:38.921213,9,2.9,6.96,30.21,2.85,6.18
2024-06-30 02:41:38.921213,10,0.02,0.77,40.66,1.16,8.62
2024-06-30 02:46:38.921213,4,2.55,7.3,42.5,7.84,11.98
2024-06-30 02:51:38.921213,4,3.21,10.47,39.37,4.75,10.62
2024-06-30 02:56:38.921213,2,2.53,4.3,20.4,0.15,12.58
2024-06-30 03:01:38.921213,6,4.9,7.5,25.64,4.63,12.54
2024-06-30 03:06:38.921213,2,4.96,13.61,14.16,1.89,2.17
2024-06-30 03:11:38.921213,8,2.93,10.33,1.76,0.48,10.76
2024-06-30 03:16:38.921213,2,4.6,7.64,32.45,9.36,12.6
2024-06-30 03:21:38.921213,9,4.47,7.31,30.57,7.02,7.16
2024-06-30 03:26:38.921213,5,1.68,5.8,21.94,4.5,3.28
2024-06-30 03:31:38.921213,10,4.65,8.62,46.36,8.5,14.85
2024-06-30 03:36:38.921213,1,4.12,8.67,22.15,3.49,13.17
2024-06-30 03:41:38.921213,1,3.2,2.67,37.99,5.25,2.42
2024-06-30 03:46:38.921213,9,2.55,19.12,19.19,2.39,5.45
2024-06-30 03:51:38.921213,6,0.38,8.9,6.79,2.2,11.87
2024-06-30 03:56:38.921213,1,1.19,16.76,14.92,5.78,9.23
2024-06-30 04:01:38.921213,3,1.48,10.1,35.63,0.84,12.91
2024-06-30 04:06:38.921213,4,3.61,1.55,18.29,6.27,4.05
2024-06-30 04:11:38.921213,1,2.18,9.64,30.5,3.44,14.09
2024-06-30 04:16:38.921213,8,4.52,9.76,13.2,9.23,14.42
2024-06-30 04:21:38.921213,1,3.33,5.47,22.93,5.86,14.27
2024-06-30 04:26:38.921213,1,4.69,6.08,46.23,2.62,11.14
2024-06-30 04:31:38.921213,1,4.33,9.09,23.79,2.87,2.46
2024-06-30 04:36:38.921213,7,0.03,11.2,18.95,4.84,13.28
2024-06-30 04:41:38.921213,8,0.27,8.9,18.36,8.59,2.69
2024-06-30 04:46:38.921213,7,1.67,4.09,24.07,8.4,9.06
2024-06-30 04:51:38.921213,7,3.79,6.03,3.08,6.16,7.26
2024-06-30 04:56:38.921213,10,0.05,18.7,25.79,2.76,13.3
2024-06-30 05:01:38.921213,10,4.37,5.61,40.59,8.9,5.78
2024-06-30 05:06:38.921213,8,1.42,1.91,6.38,1.91,7.29
2024-06-30 05:11:38.921213,10,1.0,3.03,30.81,4.36,2.43
2024-06-30 05:16:38.921213,10,2.28,9.54,47.06,9.6,2.16
2024-06-30 05:21:38.921213,7,0.62,13.73,39.17,4.78,1.97
2024-06-30 05:26:38.921213,8,2.35,11.1,40.87,2.94,14.84
2024-06-30 05:31:38.921213,7,4.03,10.42,28.37,5.9,12.41
2024-06-30 05:36:38.921213,6,1.97,15.01,38.56,4.84,12.41
2024-06-30 05:41:38.921213,2,2.17,2.69,48.22,4.62,6.7
2024-06-30 05:46:38.921213,3,2.64,9.35,20.38,9.79,14.65
2024-06-30 05:51:38.921213,1,4.34,0.08,30.53,6.87,7.24
2024-06-30 05:56:38.921213,5,1.73,2.73,42.14,5.55,3.46
2024-06-30 06:01:38.921213,10,4.65,11.57,44.17,8.18,13.59
2024-06-30 06:06:38.921213,10,3.79,14.54,16.62,0.07,10.14
2024-06-30 06:11:38.921213,1,0.29,15.03,28.83,9.47,5.86
2024-06-30 06:16:38.921213,7,2.51,11.18,23.77,2.87,11.34
2024-06-30 06:21:38.921213,3,4.47,3.48,37.46,5.68,2.28
2024-06-30 06:26:38.921213,7,4.5,4.35,41.8,0.3,6.78
2024-06-30 06:31:38.921213,10,1.44,16.38,23.12,0.43,6.91
2024-06-30 06:36:38.921213,2,3.11,17.47,11.62,2.29,10.44
2024-06-30 06:41:38.921213,9,2.03,9.21,38.78,8.74,14.6
2024-06-30 06:46:38.921213,4,4.88,2.23,27.29,8.5,7.64
2024-06-30 06:51:38.921213,1,0.0,5.06,35.15,5.44,14.23
2024-06-30 06:56:38.921213,4,4.8,19.13,49.51,1.08,10.24
2024-06-30 07:01:38.921213,2,2.73,11.22,20.51,5.78,4.91
2024-06-30 07:06:38.921213,9,3.7,1.68,39.07,1.91,13.65
2024-06-30 07:11:38.921213,8,4.33,2.55,40.09,3.92,11.37
2024-06-30 07:16:38.921213,6,4.7,14.11,36.62,8.82,13.17
2024-06-30 07:21:38.921213,6,1.68,8.76,0.52,8.31,10.68
2024-06-30 07:26:38.921213,3,4.48,2.59,5.51,0.08,7.73
2024-06-30 07:31:38.921213,3,1.99,11.38,27.46,4.27,5.54
2024-06-30 07:36:38.921213,7,3.11,9.28,36.13,4.97,8.85
2024-06-30 07:41:38.921213,4,3.73,14.23,18.09,8.68,12.51
2024-06-30 07:46:38.921213,7,0.61,18.08,24.18,8.36,1.2
2024-06-30 07:51:38.921213,4,0.09,11.79,14.87,5.17,1.87
2024-06-30 07:56:38.921213,3,0.63,5.91,33.11,6.34,12.11
2024-06-30 08:01:38.921213,7,0.74,0.24,45.09,6.41,7.48
2024-06-30 08:06:38.921213,8,4.38,5.89,23.22,6.75,11.85
2024-06-30 08:11:38.921213,8,0.91,9.05,41.05,9.12,14.29
2024-06-30 08:16:38.921213,4,4.71,10.33,31.46,9.58,6.53
2024-06-30 08:21:38.921213,9,2.11,13.52,13.06,6.15,14.18
2024-06-30 08:26:38.921213,2,3.39,15.21,5.45,4.73,2.86
2024-06-30 08:31:38.921213,3,0.94,16.77,38.16,5.08,4.6
2024-06-30 08:36:38.921213,3,1.02,1.64,21.95,8.22,5.68
2024-06-30 08:41:38.921213,2,1.52,14.08,12.0,7.97,12.76
2024-06-30 08:46:38.921213,5,3.22,13.73,5.43,2.79,14.23
2024-06-30 08:51:38.921213,6,0.64,15.62,35.5,6.77,3.13
2024-06-30 08:56:38.921213,6,4.97,15.76,16.36,0.3,4.25
2024-06-30 09:01:38.921213,1,2.99,14.59,39.61,7.36,7.44
2024-06-30 09:06:38.921213,10,3.6,2.27,23.94,4.38,13.91
2024-06-30 09:11:38.921213,10,4.26,10.89,34.74,3.17,11.4
2024-06-30 09:16:38.921213,2,3.42,12.7,1.41,6.78,7.62
2024-06-30 09:21:38.921213,7,1.41,14.12,29.26,5.65,3.26
2024-06-30 09:26:38.921213,5,1.82,0.36,42.62,4.06,7.72
2024-06-30 09:31:38.921213,7,2.35,17.89,9.04,1.91,1.47
2024-06-30 09:36:38.921213,2,3.35,9.39,42.14,1.23,5.15
2024-06-30 09:41:38.921213,7,3.05,0.21,14.68,1.34,8.74
2024-06-30 09:46:38.921213,4,4.71,12.34,0.45,1.5,5.7
2024-06-30 09:51:38.921213,7,2.25,10.81,24.72,0.73,9.68
2024-06-30 09:56:38.921213,7,1.71,7.55,48.82,3.78,1.12
2024-06-30 10:01:38.921213,4,1.63,12.97,31.51,9.71,11.74
2024-06-30 10:06:38.921213,10,2.74,17.48,31.82,6.79,3.26
2024-06-30 10:11:38.921213,4,4.41,14.71,17.74,7.97,11.43
2024-06-30 10:16:38.921213,5,2.18,17.24,37.9,9.32,7.1
2024-06-30 10:21:38.921213,4,1.61,3.49,16.62,1.58,13.82
2024-06-30 10:26:38.921213,3,2.55,1.57,41.85,0.03,7.12
2024-06-30 10:31:38.921213,3,4.26,6.76,15.73,8.51,8.56
2024-06-30 10:36:38.921213,6,1.3,10.7,26.21,2.27,2.14
2024-06-30 10:41:38.921213,5,3.6,0.29,38.37,1.2,0.96
2024-06-30 10:46:38.921213,10,2.26,17.56,32.95,0.3,1.83
2024-06-30 10:51:38.921213,1,1.98,9.41,8.13,3.84,1.28
2024-06-30 10:56:38.921213,5,1.37,17.98,22.61,6.4,4.33
2024-06-30 11:01:38.921213,9,1.27,5.09,0.04,8.58,2.29
2024-06-30 11:06:38.921213,1,2.42,5.99,11.65,7.6,2.6
2024-06-30 11:11:38.921213,6,3.25,13.76,29.33,9.36,13.55
2024-06-30 11:16:38.921213,8,1.87,2.82,9.86,7.12,8.94
2024-06-30 11:21:38.921213,1,2.2,17.27,20.37,9.77,1.18
2024-06-30 11:26:38.921213,1,1.83,15.88,12.05,8.89,3.1
2024-06-30 11:31:38.921213,6,2.66,2.13,27.08,6.86,4.82
2024-06-30 11:36:38.921213,4,1.92,12.35,46.76,8.38,3.28
2024-06-30 11:41:38.921213,10,3.02,3.11,19.44,5.08,9.86
2024-06-30 11:46:38.921213,7,1.61,1.9,37.85,2.88,6.07
2024-06-30 11:51:38.921213,3,3.17,13.88,16.73,1.9,5.73
2024-06-30 11:56:38.921213,2,0.11,9.02,36.63,8.17,10.48
2024-06-30 12:01:38.921213,3,4.59,12.27,42.3,5.44,2.51
2024-06-30 12:06:38.921213,8,2.49,8.63,36.07,7.85,5.43
2024-06-30 12:11:38.921213,7,0.45,4.08,41.38,0.37,5.02
2024-06-30 12:16:38.921213,2,3.02,5.88,16.83,9.8,7.45
2024-06-30 12:21:38.921213,6,1.44,8.3,2.25,2.27,10.02
2024-06-30 12:26:38.921213,10,2.52,19.71,31.04,4.22,2.99
2024-06-30 12:31:38.921213,9,3.84,0.17,46.54,3.23,3.28
2024-06-30 12:36:38.921213,5,0.57,3.98,49.47,9.7,8.62
2024-06-30 12:41:38.921213,8,1.96,19.15,36.31,9.36,3.16
2024-06-30 12:46:38.921213,4,0.01,9.08,45.56,1.54,0.77
2024-06-30 12:51:38.921213,4,4.68,2.65,3.07,7.72,1.24
2024-06-30 12:56:38.921213,5,4.24,2.18,31.61,5.64,3.77
2024-06-30 13:01:38.921213,8,1.08,12.46,37.4,6.89,3.92
2024-06-30 13:06:38.921213,5,2.73,13.85,44.42,1.95,10.03
2024-06-30 13:11:38.921213,4,2.14,6.24,34.14,5.0,13.69
2024-06-30 13:16:38.921213,3,1.29,8.14,43.58,6.22,13.32
2024-06-30 13:21:38.921213,2,2.82,0.49,23.28,3.01,14.83
2024-06-30 13:26:38.921213,5,0.46,10.3,30.94,2.52,7.58
2024-06-30 13:31:38.921213,5,2.15,12.04,17.14,3.19,13.21
2024-06-30 13:36:38.921213,10,1.28,6.01,40.13,7.23,12.97
2024-06-30 13:41:38.921213,3,0.45,9.39,10.22,5.8,8.4
2024-06-30 13:46:38.921213,1,2.65,11.33,13.37,4.47,1.69
2024-06-30 13:51:38.921213,4,3.39,3.33,7.78,9.43,1.38
2024-06-30 13:56:38.921213,8,2.44,12.39,4.31,3.32,5.46
2024-06-30 14:01:38.921213,1,3.45,5.34,25.54,7.25,2.45
2024-06-30 14:06:38.921213,5,0.91,10.19,2.45,7.08,7.84
2024-06-30 14:11:38.921213,5,3.31,4.65,14.46,1.36,10.99
2024-06-30 14:16:38.921213,6,2.42,13.62,33.96,8.42,10.54
2024-06-30 14:21:38.921213,8,2.35,12.35,1.9,4.93,8.52
2024-06-30 14:26:38.921213,9,3.42,6.56,34.88,9.4,4.38
2024-06-30 14:31:38.921213,1,1.48,14.27,44.82,9.82,6.08
2024-06-30 14:36:38.921213,7,3.22,16.65,0.23,9.18,9.37
2024-06-30 14:41:38.921213,6,1.46,13.84,0.85,1.93,7.79
2024-06-30 14:46:38.921213,9,2.68,8.04,23.51,9.62,6.71
2024-06-30 14:51:38.921213,4,2.14,6.71,7.76,8.71,6.13
2024-06-30 14:56:38.921213,10,4.04,7.43,22.01,2.51,9.76
2024-06-30 15:01:38.921213,5,1.84,16.73,47.19,1.11,6.49
2024-06-30 15:06:38.921213,8,2.33,15.96,28.27,9.45,7.17
2024-06-30 15:11:38.921213,6,3.14,12.86,41.89,0.98,0.89
2024-06-30 15:16:38.921213,2,0.38,9.71,47.43,2.67,2.83
2024-06-30 15:21:38.921213,7,0.19,9.09,10.96,7.67,2.64
2024-06-30 15:26:38.921213,8,1.14,14.4,43.14,5.82,7.91
2024-06-30 15:31:38.921213,5,2.25,7.76,28.51,2.3,2.28
2024-06-30 15:36:38.921213,1,3.17,19.93,10.29,9.47,7.03
2024-06-30 15:41:38.921213,3,0.06,14.58,42.59,4.88,9.91
2024-06-30 15:46:38.921213,1,0.29,1.63,22.13,9.81,13.35
2024-06-30 15:51:38.921213,2,2.2,19.76,28.9,3.63,2.78
2024-06-30 15:56:38.921213,7,1.03,18.87,30.97,3.71,3.69
2024-06-30 16:01:38.921213,6,3.81,8.99,11.49,0.49,7.29
2024-06-30 16:06:38.921213,8,3.77,15.11,34.29,7.03,4.77
2024-06-30 16:11:38.921213,8,3.9,13.12,20.8,2.77,5.58
2024-06-30 16:16:38.921213,6,2.25,6.64,43.79,5.75,3.72
2024-06-30 16:21:38.921213,1,4.61,0.31,8.32,7.79,7.24
2024-06-30 16:26:38.921213,8,1.2,14.33,46.44,4.81,5.51
2024-06-30 16:31:38.921213,4,3.78,12.1,20.58,9.0,6.86
2024-06-30 16:36:38.921213,2,3.91,12.54,44.3,2.53,1.15
2024-06-30 16:41:38.921213,4,1.69,15.71,38.94,0.78,7.66
2024-06-30 16:46:38.921213,7,3.75,10.46,48.14,4.67,1.62
2024-06-30 16:51:38.921213,2,1.89,11.67,41.72,0.37,2.21
2024-06-30 16:56:38.921213,1,3.38,16.25,23.0,2.2,14.93
2024-06-30 17:01:38.921213,9,1.02,11.13,40.25,4.46,5.09
2024-06-30 17:06:38.921213,4,2.69,1.79,29.08,0.82,3.33
2024-06-30 17:11:38.921213,9,0.62,9.72,15.99,9.09,7.76
2024-06-30 17:16:38.921213,1,0.48,0.75,44.31,7.88,4.93
2024-06-30 17:21:38.921213,9,0.78,5.86,29.18,2.44,8.97
2024-06-30 17:26:38.921213,10,3.19,15.35,7.53,0.42,8.61
2024-06-30 17:31:38.921213,2,0.25,13.46,33.24,6.78,12.89
2024-06-30 17:36:38.921213,1,1.31,3.66,28.16,9.05,13.46
2024-06-30 17:41:38.921213,4,4.39,1.54,49.16,2.58,11.67
2024-06-30 17:46:38.921213,2,3.51,15.77,4.85,6.18,10.49
2024-06-30 17:51:38.921213,2,1.51,11.77,21.57,3.63,14.3
2024-06-30 17:56:38.921213,3,2.88,17.14,36.52,3.99,6.73
2024-06-30 18:01:38.921213,1,3.6,17.56,34.17,5.12,6.02
2024-06-30 18:06:38.921213,7,4.02,2.93,24.23,1.95,1.07
2024-06-30 18:11:38.921213,7,1.62,5.12,38.04,6.1,3.86
2024-06-30 18:16:38.921213,7,4.48,3.45,21.74,8.74,10.33
2024-06-30 18:21:38.921213,3,2.29,6.94,12.41,7.29,10.49
2024-06-30 18:26:38.921213,10,2.2,5.88,26.48,6.64,11.11
2024-06-30 18:31:38.921213,1,1.08,14.39,11.51,5.73,0.7
2024-06-30 18:36:38.921213,8,4.8,19.45,37.84,3.66,4.7
2024-06-30 18:41:38.921213,9,1.3,17.47,35.89,2.16,11.24
2024-06-30 18:46:38.921213,5,3.86,4.93,37.75,3.09,0.4
2024-06-30 18:51:38.921213,6,0.79,3.26,39.35,8.87,11.48
2024-06-30 18:56:38.921213,5,0.71,9.56,26.46,2.97,2.12
2024-06-30 19:01:38.921213,3,2.05,9.44,3.84,3.83,10.33
2024-06-30 19:06:38.921213,2,3.58,19.61,35.97,2.77,11.72
2024-06-30 19:11:38.921213,9,4.56,2.55,16.27,0.97,3.83
2024-06-30 19:16:38.921213,3,4.01,8.82,18.25,1.31,14.58
2024-06-30 19:21:38.921213,7,2.93,10.31,40.07,9.44,12.95
2024-06-30 19:26:38.921213,7,2.15,9.6,14.25,4.32,3.45
2024-06-30 19:31:38.921213,8,1.39,10.41,9.04,4.95,4.21
2024-06-30 19:36:38.921213,1,1.73,16.08,10.25,8.0,6.56
2024-06-30 19:41:38.921213,2,3.18,0.13,45.68,6.72,7.22
2024-06-30 19:46:38.921213,6,1.42,9.46,21.42,0.24,0.94
2024-06-30 19:51:38.921213,5,2.45,4.84,5.57,5.41,13.18
2024-06-30 19:56:38.921213,10,4.42,10.64,34.92,9.57,13.92
2024-06-30 20:01:38.921213,4,4.66,4.15,4.48,7.4,9.99
2024-06-30 20:06:38.921213,5,0.26,14.71,40.63,4.31,10.71
2024-06-30 20:11:38.921213,3,3.86,8.92,43.81,9.7,14.4
2024-06-30 20:16:38.921213,6,2.04,4.93,6.39,6.26,10.44
2024-06-30 20:21:38.921213,9,2.99,18.39,22.1,1.96,14.77
2024-06-30 20:26:38.921213,6,1.99,7.8,29.13,5.43,9.74
2024-06-30 20:31:38.921213,9,3.97,13.34,32.11,2.96,13.12
2024-06-30 20:36:38.921213,9,1.45,11.0,5.04,3.15,10.89
2024-06-30 20:41:38.921213,2,3.81,2.65,20.47,5.03,7.93
2024-06-30 20:46:38.921213,9,4.65,17.12,11.27,4.64,1.38
2024-06-30 20:51:38.921213,9,1.58,12.59,17.48,1.19,14.52
2024-06-30 20:56:38.921213,3,0.77,4.6,33.16,8.47,9.83
2024-06-30 21:01:38.921213,9,3.63,0.86,49.64,1.23,5.72
2024-06-30 21:06:38.921213,6,4.68,3.52,6.21,1.07,7.45
2024-06-30 21:11:38.921213,1,2.47,10.52,14.03,2.29,4.34
2024-06-30 21:16:38.921213,1,3.79,7.69,3.46,6.41,2.15
2024-06-30 21:21:38.921213,5,2.25,18.27,48.9,6.4,9.44
2024-06-30 21:26:38.921213,8,1.55,15.32,4.39,7.22,10.99
2024-06-30 21:31:38.921213,5,0.11,17.75,14.54,9.26,8.99
2024-06-30 21:36:38.921213,10,2.28,5.77,45.41,0.1,10.87
2024-06-30 21:41:38.921213,3,2.76,0.72,31.02,8.04,2.28
2024-06-30 21:46:38.921213,1,1.56,3.5,31.9,6.85,7.48
2024-06-30 21:51:38.921213,5,4.67,15.14,39.39,7.95,1.55
2024-06-30 21:56:38.921213,2,2.23,10.12,22.06,5.57,1.96
2024-06-30 22:01:38.921213,8,4.89,14.61,42.66,0.06,5.8
2024-06-30 22:06:38.921213,2,3.83,5.9,36.21,1.78,8.35
2024-06-30 22:11:38.921213,8,1.83,13.94,32.9,2.37,1.33
2024-06-30 22:16:38.921213,3,1.06,2.12,30.64,0.81,13.07
2024-06-30 22:21:38.921213,9,2.8,5.05,36.92,8.13,9.57
2024-06-30 22:26:38.921213,10,4.32,8.46,49.8,6.86,7.89
2024-06-30 22:31:38.921213,5,0.71,5.1,11.91,6.62,2.18
2024-06-30 22:36:38.921213,4,0.18,16.3,17.84,3.04,4.25
2024-06-30 22:41:38.921213,2,4.84,1.02,41.9,8.51,12.39
2024-06-30 22:46:38.921213,10,4.96,1.4,43.92,3.44,13.51
2024-06-30 22:51:38.921213,8,2.67,0.72,28.71,8.03,2.57
2024-06-30 22:56:38.921213,1,1.7,8.55,19.48,4.22,10.68
2024-06-30 23:01:38.921213,1,0.62,6.67,8.36,6.89,7.91
2024-06-30 23:06:38.921213,2,2.39,8.69,19.78,1.54,10.64
2024-06-30 23:11:38.921213,2,0.46,9.46,46.23,3.33,7.88
2024-06-30 23:16:38.921213,3,2.84,1.56,42.1,2.59,11.47
2024-06-30 23:21:38.921213,9,1.56,6.08,44.58,8.72,3.46
2024-06-30 23:26:38.921213,8,1.04,10.24,34.09,4.22,9.73
2024-06-30 23:31:38.921213,2,0.91,9.54,9.42,5.46,11.88
2024-06-30 23:36:38.921213,8,4.22,18.91,37.13,8.92,8.75
2024-06-30 23:41:38.921213,1,1.27,7.91,33.36,0.11,8.79
2024-06-30 23:46:38.921213,2,0.88,15.05,42.36,4.38,9.55
2024-06-30 23:51:38.921213,8,2.55,10.91,42.03,1.68,0.42
2024-06-30 23:56:38.921213,10,0.38,7.65,43.11,1.95,5.8
2024-07-01 00:01:38.921213,10,1.83,18.48,23.7,9.39,1.1
2024-07-01 00:06:38.921213,7,3.61,8.26,21.64,4.67,7.36
2024-07-01 00:11:38.921213,2,2.9,3.19,31.88,7.36,11.55
2024-07-01 00:16:38.921213,3,2.52,16.85,4.15,9.59,0.68
2024-07-01 00:21:38.921213,3,2.09,10.73,29.41,4.65,4.19
2024-07-01 00:26:38.921213,1,1.99,7.86,49.11,9.98,1.99
2024-07-01 00:31:38.921213,4,3.39,4.58,33.7,5.8,13.25
2024-07-01 00:36:38.921213,4,1.08,1.4,29.24,5.2,0.42
2024-07-01 00:41:38.921213,5,4.02,5.74,29.38,5.6,10.8
2024-07-01 00:46:38.921213,2,2.4,15.48,42.33,1.42,2.55
2024-07-01 00:51:38.921213,9,4.33,1.63,4.89,4.32,5.87
2024-07-01 00:56:38.921213,8,4.29,19.34,18.15,8.83,8.41
2024-07-01 01:01:38.921213,8,1.35,11.07,9.02,7.31,14.12
2024-07-01 01:06:38.921213,4,1.27,19.25,30.58,8.57,2.45
2024-07-01 01:11:38.921213,5,3.52,16.34,30.15,0.63,0.83
2024-07-01 01:16:38.921213,7,2.26,7.07,46.09,6.59,13.9
2024-07-01 01:21:38.921213,5,1.05,15.78,35.07,1.22,4.26
2024-07-01 01:26:38.921213,8,4.56,13.65,9.6,0.08,0.38
2024-07-01 01:31:38.921213,8,1.26,18.93,3.75,1.41,4.61
2024-07-01 01:36:38.921213,4,0.2,3.77,9.46,8.66,8.66
2024-07-01 01:41:38.921213,10,2.24,8.29,42.32,0.14,14.45
2024-07-01 01:46:38.921213,8,4.58,14.39,38.79,5.87,0.37
2024-07-01 01:51:38.921213,6,2.04,18.58,19.17,0.64,6.63
2024-07-01 01:56:38.921213,2,3.18,15.79,18.43,9.68,7.45
2024-07-01 02:01:38.921213,8,4.38,10.64,47.52,3.2,9.63
2024-07-01 02:06:38.921213,3,4.94,10.13,23.22,9.17,7.32
2024-07-01 02:11:38.921213,2,0.75,18.21,2.17,6.75,4.88
2024-07-01 02:16:38.921213,2,0.2,5.83,19.25,6.37,13.1
2024-07-01 02:21:38.921213,6,0.04,1.46,17.41,4.03,5.71
2024-07-01 02:26:38.921213,9,1.56,5.78,16.59,4.89,2.53
2024-07-01 02:31:38.921213,7,3.01,15.07,10.16,4.23,11.7
2024-07-01 02:36:38.921213,6,2.01,9.83,28.57,1.51,1.32
2024-07-01 02:41:38.921213,3,3.27,13.56,40.3,3.94,10.11
2024-07-01 02:46:38.921213,9,4.38,14.33,13.99,0.01,9.33
2024-07-01 02:51:38.921213,8,2.13,14.29,9.08,1.88,10.93
2024-07-01 02:56:38.921213,5,4.52,0.37,4.34,2.05,4.59
2024-07-01 03:01:38.921213,6,3.99,9.44,12.85,7.82,7.0
2024-07-01 03:06:38.921213,3,3.65,16.67,22.15,2.22,8.26
2024-07-01 03:11:38.921213,9,0.65,10.19,42.83,9.55,7.29
2024-07-01 03:16:38.921213,8,0.84,16.53,35.15,0.18,12.33
2024-07-01 03:21:38.921213,7,0.46,18.65,46.64,8.45,0.5
2024-07-01 03:26:38.921213,6,0.13,13.14,29.11,9.04,14.43
2024-07-01 03:31:38.921213,5,4.09,18.34,0.08,5.6,8.45
2024-07-01 03:36:38.921213,7,1.26,5.33,37.78,1.87,14.94
2024-07-01 03:41:38.921213,9,4.64,18.02,4.21,1.25,3.22
2024-07-01 03:46:38.921213,9,1.96,2.09,47.73,5.93,10.09
2024-07-01 03:51:38.921213,10,2.0,9.29,23.97,8.31,8.69
2024-07-01 03:56:38.921213,8,0.97,14.28,31.33,3.14,10.79
2024-07-01 04:01:38.921213,6,3.34,13.71,46.45,3.7,7.92
2024-07-01 04:06:38.921213,3,4.03,10.48,9.97,5.63,11.95
2024-07-01 04:11:38.921213,10,3.91,18.93,10.8,3.75,2.47
2024-07-01 04:16:38.921213,10,0.95,3.17,35.97,6.29,1.1
2024-07-01 04:21:38.921213,2,2.09,18.37,4.44,0.28,1.67
2024-07-01 04:26:38.921213,4,2.61,18.68,24.58,3.96,14.64
2024-07-01 04:31:38.921213,10,3.46,5.52,23.28,8.11,0.9
2024-07-01 04:36:38.921213,7,3.19,0.54,19.29,4.21,0.71
2024-07-01 04:41:38.921213,8,2.08,19.62,0.49,8.43,0.72
2024-07-01 04:46:38.921213,6,4.04,14.1,48.4,6.12,2.87
2024-07-01 04:51:38.921213,3,3.45,5.71,36.66,7.78,4.96
2024-07-01 04:56:38.921213,2,0.27,18.54,10.66,9.7,5.89
2024-07-01 05:01:38.921213,8,4.01,5.55,46.24,9.59,0.59
2024-07-01 05:06:38.921213,5,2.78,6.21,30.31,8.34,11.34
2024-07-01 05:11:38.921213,1,2.16,15.03,26.76,5.36,10.02
2024-07-01 05:16:38.921213,9,2.63,19.31,12.32,5.15,14.07
2024-07-01 05:21:38.921213,10,2.67,0.8,4.06,6.88,5.75
2024-07-01 05:26:38.921213,9,3.24,15.08,30.97,0.26,9.9
2024-07-01 05:31:38.921213,6,4.17,16.02,30.77,2.69,12.12
2024-07-01 05:36:38.921213,10,1.35,10.01,16.33,0.83,4.82
2024-07-01 05:41:38.921213,3,3.23,12.18,44.05,4.3,8.22
2024-07-01 05:46:38.921213,2,2.19,17.04,34.99,2.8,8.54
2024-07-01 05:51:38.921213,3,2.27,7.93,21.4,7.0,5.13
2024-07-01 05:56:38.921213,6,0.39,0.38,26.85,1.48,0.99
2024-07-01 06:01:38.921213,7,0.33,8.24,45.87,6.79,3.31
2024-07-01 06:06:38.921213,4,2.14,18.91,10.41,4.31,14.5
2024-07-01 06:11:38.921213,7,2.21,11.39,0.32,0.69,2.27
2024-07-01 06:16:38.921213,6,0.18,9.67,42.9,0.98,11.46
2024-07-01 06:21:38.921213,5,2.4,1.61,10.86,7.04,1.32
2024-07-01 06:26:38.921213,2,3.96,4.95,43.77,0.24,6.74
2024-07-01 06:31:38.921213,8,0.37,1.17,19.56,5.58,2.44
2024-07-01 06:36:38.921213,2,2.28,7.33,37.42,3.32,5.54
2024-07-01 06:41:38.921213,7,3.49,14.69,22.41,5.98,4.94
2024-07-01 06:46:38.921213,10,3.71,11.64,9.35,5.61,10.42
2024-07-01 06:51:38.921213,6,4.21,13.6,37.63,4.49,6.5
2024-07-01 06:56:38.921213,6,1.97,10.86,31.87,7.9,12.17
2024-07-01 07:01:38.921213,10,4.8,15.35,10.54,0.45,5.06
2024-07-01 07:06:38.921213,9,1.58,18.9,31.1,0.34,12.07
2024-07-01 07:11:38.921213,4,0.04,9.86,4.19,5.28,9.34
2024-07-01 07:16:38.921213,3,3.46,10.42,22.8,3.9,12.5
2024-07-01 07:21:38.921213,6,2.97,3.2,9.37,0.89,9.95
2024-07-01 07:26:38.921213,1,0.09,9.48,47.4,9.92,11.02
2024-07-01 07:31:38.921213,3,3.94,18.56,37.29,8.98,1.69
2024-07-01 07:36:38.921213,4,2.46,10.29,32.42,6.86,4.11
2024-07-01 07:41:38.921213,10,4.68,5.59,3.69,2.33,13.53
2024-07-01 07:46:38.921213,9,1.75,18.81,25.83,6.09,11.87
2024-07-01 07:51:38.921213,8,0.55,18.0,19.98,0.47,11.18
2024-07-01 07:56:38.921213,9,2.0,7.21,29.37,3.79,2.51
2024-07-01 08:01:38.921213,1,1.14,14.94,15.54,6.45,10.21
2024-07-01 08:06:38.921213,2,1.99,10.05,37.67,8.41,11.19
2024-07-01 08:11:38.921213,3,1.66,15.49,21.3,8.8,11.88
2024-07-01 08:16:38.921213,4,4.35,16.28,24.18,5.21,6.33
2024-07-01 08:21:38.921213,8,2.58,19.79,5.88,2.64,8.93
2024-07-01 08:26:38.921213,9,3.31,9.76,38.03,5.98,8.91
2024-07-01 08:31:38.921213,4,2.68,10.57,33.53,4.13,10.38
2024-07-01 08:36:38.921213,1,4.12,4.49,28.34,6.22,1.9
2024-07-01 08:41:38.921213,4,4.39,10.09,41.41,0.83,3.09
2024-07-01 08:46:38.921213,10,3.29,4.11,17.87,9.46,3.56
2024-07-01 08:51:38.921213,8,2.31,1.81,47.95,8.81,2.23
2024-07-01 08:56:38.921213,3,2.74,12.55,19.15,4.33,2.32
2024-07-01 09:01:38.921213,6,3.24,17.95,38.6,5.81,10.42
2024-07-01 09:06:38.921213,3,2.07,7.96,21.94,9.78,13.9
2024-07-01 09:11:38.921213,7,4.93,14.05,5.51,0.79,14.46
2024-07-01 09:16:38.921213,6,2.63,8.47,17.37,9.34,3.94
2024-07-01 09:21:38.921213,1,3.28,11.74,16.11,9.09,14.16
2024-07-01 09:26:38.921213,6,4.91,19.45,25.87,0.67,14.33
2024-07-01 09:31:38.921213,9,2.43,18.84,21.37,7.52,8.22
2024-07-01 09:36:38.921213,2,1.54,11.25,1.3,0.82,11.81
2024-07-01 09:41:38.921213,7,3.47,6.35,46.49,1.63,9.82
2024-07-01 09:46:38.921213,2,3.15,10.98,7.14,9.85,11.12
2024-07-01 09:51:38.921213,4,0.22,14.36,13.36,5.22,0.16
2024-07-01 09:56:38.921213,4,1.41,12.56,33.25,9.41,12.46
2024-07-01 10:01:38.921213,8,4.98,16.71,32.61,4.11,5.75
2024-07-01 10:06:38.921213,5,2.46,19.29,43.67,5.57,8.25
2024-07-01 10:11:38.921213,5,2.37,4.7,5.03,3.77,9.82
2024-07-01 10:16:38.921213,6,4.7,18.85,33.69,7.94,8.04
2024-07-01 10:21:38.921213,3,0.85,18.65,6.4,2.13,4.08
2024-07-01 10:26:38.921213,3,1.45,3.7,4.6,4.94,2.29
2024-07-01 10:31:38.921213,7,2.68,10.19,22.16,5.85,5.41
2024-07-01 10:36:38.921213,8,4.85,6.06,9.66,4.53,7.52
2024-07-01 10:41:38.921213,2,4.94,16.77,35.98,9.92,9.35
2024-07-01 10:46:38.921213,10,3.98,12.71,45.62,8.92,1.51
2024-07-01 10:51:38.921213,5,4.98,19.26,47.81,3.21,13.16
2024-07-01 10:56:38.921213,4,0.41,8.16,39.32,6.37,12.0
2024-07-01 11:01:38.921213,6,1.55,2.11,35.44,7.28,12.24
2024-07-01 11:06:38.921213,6,0.78,5.21,49.88,3.99,7.8
2024-07-01 11:11:38.921213,5,0.27,2.16,27.95,4.8,6.51
2024-07-01 11:16:38.921213,4,2.24,2.42,24.31,6.25,9.42
2024-07-01 11:21:38.921213,5,3.32,12.19,36.07,7.24,8.89
2024-07-01 11:26:38.921213,6,1.59,15.41,31.92,1.19,4.64
2024-07-01 11:31:38.921213,5,2.93,11.28,36.18,4.09,6.06
2024-07-01 11:36:38.921213,6,3.86,9.16,26.88,2.52,6.23
2024-07-01 11:41:38.921213,6,4.55,1.94,18.54,7.52,12.36
2024-07-01 11:46:38.921213,2,4.74,6.86,30.68,6.63,8.43
2024-07-01 11:51:38.921213,10,0.15,10.68,44.2,0.47,8.61
2024-07-01 11:56:38.921213,10,4.73,1.93,32.89,7.08,1.79
2024-07-01 12:01:38.921213,1,1.65,6.6,43.2,9.17,6.58
2024-07-01 12:06:38.921213,5,1.41,6.42,18.65,8.71,0.46
2024-07-01 12:11:38.921213,3,2.17,9.95,23.03,3.54,2.02
2024-07-01 12:16:38.921213,4,3.0,12.48,7.04,6.94,8.32
2024-07-01 12:21:38.921213,6,3.55,10.63,4.72,8.81,0.71
2024-07-01 12:26:38.921213,10,1.64,17.08,14.92,4.82,4.62
2024-07-01 12:31:38.921213,7,0.54,13.2,33.12,1.24,8.83
2024-07-01 12:36:38.921213,2,1.54,12.48,4.99,8.52,7.69
2024-07-01 12:41:38.921213,9,4.97,19.52,44.35,5.23,7.65
2024-07-01 12:46:38.921213,5,3.66,13.01,25.88,1.61,14.11
2024-07-01 12:51:38.921213,2,1.17,15.1,4.33,7.23,13.34
2024-07-01 12:56:38.921213,8,0.42,18.13,29.99,7.81,12.7
2024-07-01 13:01:38.921213,2,4.73,5.72,25.31,1.91,12.32
2024-07-01 13:06:38.921213,4,0.6,4.29,36.34,3.17,0.28
2024-07-01 13:11:38.921213,8,4.43,14.56,8.17,5.47,12.49
2024-07-01 13:16:38.921213,7,0.79,16.33,3.18,6.01,14.72
2024-07-01 13:21:38.921213,10,2.34,2.77,8.72,7.61,11.08
2024-07-01 13:26:38.921213,7,2.18,5.71,35.52,0.84,7.32
2024-07-01 13:31:38.921213,8,2.6,17.59,19.29,4.76,10.25
2024-07-01 13:36:38.921213,8,0.79,7.58,27.09,4.15,3.23
2024-07-01 13:41:38.921213,4,4.87,17.3,38.82,9.99,11.76
2024-07-01 13:46:38.921213,4,1.08,17.26,3.29,8.85,3.16
2024-07-01 13:51:38.921213,6,1.13,17.92,27.5,6.35,13.09
2024-07-01 13:56:38.921213,5,4.95,14.47,19.25,4.57,0.84
2024-07-01 14:01:38.921213,7,1.87,1.05,37.28,7.7,5.35
2024-07-01 14:06:38.921213,10,3.45,16.41,16.57,0.6,6.8
2024-07-01 14:11:38.921213,4,4.47,4.73,33.32,2.09,8.4
2024-07-01 14:16:38.921213,5,0.91,8.15,46.62,6.95,13.08
2024-07-01 14:21:38.921213,5,3.57,8.99,23.99,0.92,6.15
2024-07-01 14:26:38.921213,10,2.65,4.73,1.25,1.73,12.07
2024-07-01 14:31:38.921213,4,2.41,9.56,33.34,0.28,14.51
2024-07-01 14:36:38.921213,9,3.02,17.53,21.67,4.96,4.38
2024-07-01 14:41:38.921213,10,3.47,0.13,19.57,5.94,14.9
2024-07-01 14:46:38.921213,1,1.08,2.47,48.5,6.32,4.48
2024-07-01 14:51:38.921213,6,4.25,11.77,20.2,7.55,4.98
2024-07-01 14:56:38.921213,4,4.58,11.32,32.72,7.83,11.06
2024-07-01 15:01:38.921213,10,3.22,0.65,33.6,6.42,3.95
2024-07-01 15:06:38.921213,1,2.62,16.6,29.16,1.94,7.53
2024-07-01 15:11:38.921213,7,3.7,4.48,36.57,0.36,12.11
2024-07-01 15:16:38.921213,10,4.86,7.2,42.9,9.76,12.98
2024-07-01 15:21:38.921213,3,0.66,14.92,13.56,4.86,0.7
2024-07-01 15:26:38.921213,6,2.03,9.95,12.92,6.62,10.25
2024-07-01 15:31:38.921213,9,0.65,10.67,3.7,1.17,4.42
2024-07-01 15:36:38.921213,2,0.12,19.67,36.6,7.25,6.13
2024-07-01 15:41:38.921213,9,2.74,0.1,49.76,9.38,2.87
2024-07-01 15:46:38.921213,1,4.23,16.83,21.19,9.89,0.63
2024-07-01 15:51:38.921213,8,3.2,16.98,8.81,9.12,12.41
2024-07-01 15:56:38.921213,7,4.69,13.03,27.66,1.79,12.82
2024-07-01 16:01:38.921213,10,4.44,13.79,8.57,1.62,11.87
2024-07-01 16:06:38.921213,5,4.49,10.77,8.63,1.43,1.86
2024-07-01 16:11:38.921213,2,0.66,13.73,31.09,5.53,14.63
2024-07-01 16:16:38.921213,7,4.61,15.34,17.03,0.89,0.83
2024-07-01 16:21:38.921213,8,3.76,11.54,19.15,3.1,8.02
2024-07-01 16:26:38.921213,4,2.84,18.72,33.3,6.45,10.38
2024-07-01 16:31:38.921213,10,3.61,15.05,47.37,8.49,12.28
2024-07-01 16:36:38.921213,2,4.5,10.66,32.11,6.92,1.87
2024-07-01 16:41:38.921213,10,1.22,9.55,14.17,1.89,7.21
2024-07-01 16:46:38.921213,7,3.24,15.04,24.08,6.66,2.26
2024-07-01 16:51:38.921213,10,0.32,2.64,5.54,0.73,7.06
2024-07-01 16:56:38.921213,5,3.49,4.04,22.77,6.13,8.58
2024-07-01 17:01:38.921213,2,0.09,4.63,8.87,8.67,9.28
2024-07-01 17:06:38.921213,9,1.55,15.74,0.82,7.27,14.25
2024-07-01 17:11:38.921213,6,4.12,5.95,20.67,8.36,2.03
2024-07-01 17:16:38.921213,9,4.71,4.96,25.77,8.23,5.1
2024-07-01 17:21:38.921213,5,4.17,9.06,41.17,4.64,14.83
2024-07-01 17:26:38.921213,8,0.54,19.85,34.89,5.34,2.6
2024-07-01 17:31:38.921213,5,1.05,4.91,14.34,9.81,8.73
2024-07-01 17:36:38.921213,2,4.43,8.74,32.35,2.2,2.77
2024-07-01 17:41:38.921213,2,0.83,19.55,21.4,4.21,5.5
2024-07-01 17:46:38.921213,5,1.61,4.41,25.38,7.47,7.8
2024-07-01 17:51:38.921213,6,1.73,7.76,0.75,0.05,3.43
2024-07-01 17:56:38.921213,4,1.84,10.98,18.53,2.83,12.81
2024-07-01 18:01:38.921213,9,1.35,14.22,29.65,2.71,1.57
2024-07-01 18:06:38.921213,8,3.9,9.04,42.08,5.78,2.63
2024-07-01 18:11:38.921213,10,0.72,15.69,31.61,7.66,13.88
2024-07-01 18:16:38.921213,6,3.19,2.02,6.49,0.46,3.74
2024-07-01 18:21:38.921213,1,3.08,18.86,43.27,9.78,11.4
2024-07-01 18:26:38.921213,1,4.93,13.55,33.01,7.27,11.26
2024-07-01 18:31:38.921213,2,4.58,5.76,33.32,0.79,0.57
2024-07-01 18:36:38.921213,4,2.49,3.12,31.58,0.13,8.55
2024-07-01 18:41:38.921213,1,4.02,16.36,49.24,5.91,1.48
2024-07-01 18:46:38.921213,9,3.35,1.11,12.95,5.26,12.73
2024-07-01 18:51:38.921213,1,0.41,10.84,22.08,3.2,10.45
2024-07-01 18:56:38.921213,6,4.58,11.09,31.51,3.96,5.61
2024-07-01 19:01:38.921213,4,4.28,7.69,39.73,2.74,1.68
2024-07-01 19:06:38.921213,10,3.54,17.2,6.83,3.55,4.29
2024-07-01 19:11:38.921213,6,4.13,15.03,23.62,8.42,9.56
2024-07-01 19:16:38.921213,7,4.22,1.53,19.66,3.69,11.82
2024-07-01 19:21:38.921213,5,1.37,15.53,45.04,0.18,1.23
2024-07-01 19:26:38.921213,5,1.7,15.75,8.0,5.18,8.14
2024-07-01 19:31:38.921213,2,4.66,2.14,18.4,1.92,10.68
2024-07-01 19:36:38.921213,9,0.66,5.85,15.91,4.95,1.61
2024-07-01 19:41:38.921213,8,3.85,9.06,22.34,8.17,13.01
2024-07-01 19:46:38.921213,7,3.96,8.33,45.53,1.54,0.44
2024-07-01 19:51:38.921213,7,4.44,18.79,15.62,0.47,9.86
2024-07-01 19:56:38.921213,7,2.55,9.31,18.77,3.68,2.49
2024-07-01 20:01:38.921213,2,1.88,13.31,49.78,2.38,5.18
2024-07-01 20:06:38.921213,6,3.21,12.0,33.02,2.14,4.61
2024-07-01 20:11:38.921213,6,2.56,7.62,24.02,8.51,5.18
2024-07-01 20:16:38.921213,6,3.8,8.26,30.28,8.56,6.37
2024-07-01 20:21:38.921213,5,1.11,6.35,34.31,4.76,5.43
2024-07-01 20:26:38.921213,6,2.98,18.1,33.68,0.99,4.57
2024-07-01 20:31:38.921213,6,3.83,2.02,27.83,1.59,0.45
2024-07-01 20:36:38.921213,6,4.96,7.48,32.05,4.49,10.02
2024-07-01 20:41:38.921213,4,3.77,15.5,12.09,7.47,6.15
2024-07-01 20:46:38.921213,2,4.66,19.97,12.77,4.33,5.77
2024-07-01 20:51:38.921213,2,4.06,10.44,23.45,9.09,0.59
2024-07-01 20:56:38.921213,5,4.04,15.57,10.36,3.42,1.37
2024-07-01 21:01:38.921213,9,3.06,11.84,12.16,1.34,6.05
2024-07-01 21:06:38.921213,4,1.79,0.41,24.46,6.08,1.5
2024-07-01 21:11:38.921213,7,0.6,5.83,28.47,9.37,10.51
2024-07-01 21:16:38.921213,7,4.81,3.32,30.4,5.72,12.27
2024-07-01 21:21:38.921213,4,3.33,15.74,42.91,7.24,11.11
2024-07-01 21:26:38.921213,7,3.69,8.73,24.12,0.42,10.67
2024-07-01 21:31:38.921213,6,1.41,19.34,48.3,9.44,6.83
2024-07-01 21:36:38.921213,5,4.06,0.48,45.37,8.73,6.17
2024-07-01 21:41:38.921213,7,4.49,11.02,6.82,7.26,0.09
2024-07-01 21:46:38.921213,4,3.95,16.96,40.14,1.94,6.35
2024-07-01 21:51:38.921213,7,0.78,13.54,47.63,9.11,10.1
2024-07-01 21:56:38.921213,8,1.44,12.36,29.62,9.15,2.66
2024-07-01 22:01:38.921213,2,1.73,15.83,27.18,4.09,6.06
2024-07-01 22:06:38.921213,5,0.46,18.37,3.57,2.29,14.41
2024-07-01 22:11:38.921213,4,1.49,4.85,10.11,0.93,9.53
2024-07-01 22:16:38.921213,10,2.91,3.8,0.75,6.06,14.54
2024-07-01 22:21:38.921213,8,3.93,6.79,24.58,4.59,1.91
2024-07-01 22:26:38.921213,5,3.92,0.56,32.12,6.69,5.31
2024-07-01 22:31:38.921213,4,2.6,9.57,36.11,7.11,14.44
2024-07-01 22:36:38.921213,2,1.33,10.03,33.23,4.42,9.67
2024-07-01 22:41:38.921213,3,2.21,18.14,48.03,8.75,5.64
2024-07-01 22:46:38.921213,9,3.05,1.85,48.95,6.42,13.15
2024-07-01 22:51:38.921213,8,2.61,9.15,46.49,5.08,13.4
2024-07-01 22:56:38.921213,5,4.26,19.54,10.3,7.68,6.73
2024-07-01 23:01:38.921213,5,3.38,19.9,28.98,8.13,3.66
2024-07-01 23:06:38.921213,10,3.98,19.05,11.21,8.85,7.85
2024-07-01 23:11:38.921213,9,4.84,14.49,12.83,2.88,1.15
2024-07-01 23:16:38.921213,3,1.8,6.54,1.73,9.33,5.85
2024-07-01 23:21:38.921213,6,1.66,17.7,18.35,3.38,6.64
2024-07-01 23:26:38.921213,9,0.11,9.72,12.91,4.17,12.57
2024-07-01 23:31:38.921213,2,0.03,8.68,30.11,3.39,7.93
2024-07-01 23:36:38.921213,3,3.33,13.1,11.12,1.94,1.24
2024-07-01 23:41:38.921213,4,4.44,11.72,16.84,3.14,1.14
2024-07-01 23:46:38.921213,1,1.54,11.07,12.15,4.47,4.47
2024-07-01 23:51:38.921213,1,2.21,5.19,35.12,5.77,9.78
2024-07-01 23:56:38.921213,8,2.88,13.85,8.26,4.26,9.25
2024-07-02 00:01:38.921213,1,4.44,5.26,2.94,5.92,0.57
2024-07-02 00:06:38.921213,7,4.27,19.72,43.64,5.24,10.83
2024-07-02 00:11:38.921213,6,1.17,7.74,15.84,1.16,10.96
2024-07-02 00:16:38.921213,9,1.07,14.25,17.65,3.11,7.1
2024-07-02 00:21:38.921213,6,4.8,10.73,41.91,6.42,0.03
2024-07-02 00:26:38.921213,4,0.82,4.22,39.51,2.81,0.98
2024-07-02 00:31:38.921213,1,2.22,2.81,30.78,6.04,6.07
2024-07-02 00:36:38.921213,7,0.13,2.15,34.5,3.06,12.53
2024-07-02 00:41:38.921213,1,4.97,12.46,6.41,5.11,11.87
2024-07-02 00:46:38.921213,6,2.02,7.02,23.67,8.61,1.27
2024-07-02 00:51:38.921213,3,4.01,1.51,28.29,6.44,14.75
2024-07-02 00:56:38.921213,8,4.05,11.15,19.94,6.41,13.17
2024-07-02 01:01:38.921213,8,3.78,6.36,5.33,5.15,0.21
2024-07-02 01:06:38.921213,4,0.75,2.91,49.42,5.38,10.76
2024-07-02 01:11:38.921213,1,3.31,5.99,17.56,8.94,4.46
2024-07-02 01:16:38.921213,1,4.79,4.75,21.36,2.53,7.39
2024-07-02 01:21:38.921213,9,1.55,15.97,33.52,4.2,3.37
2024-07-02 01:26:38.921213,9,0.33,13.57,27.22,6.6,10.13
2024-07-02 01:31:38.921213,8,2.13,3.84,41.54,3.03,2.42
2024-07-02 01:36:38.921213,1,3.41,13.03,47.26,2.75,3.3
2024-07-02 01:41:38.921213,2,2.71,0.35,41.88,6.26,3.33
2024-07-02 01:46:38.921213,8,0.68,17.09,27.56,9.18,12.57
2024-07-02 01:51:38.921213,6,0.17,13.3,23.63,4.01,8.65
2024-07-02 01:56:38.921213,7,0.69,16.02,19.05,3.14,1.48
2024-07-02 02:01:38.921213,4,4.15,1.43,45.68,9.01,10.99
2024-07-02 02:06:38.921213,1,2.57,0.04,6.48,4.18,8.28
2024-07-02 02:11:38.921213,6,4.77,14.63,34.1,7.46,6.26
2024-07-02 02:16:38.921213,3,3.17,0.53,36.63,9.15,1.58
2024-07-02 02:21:38.921213,9,2.38,4.42,0.99,2.07,11.37
2024-07-02 02:26:38.921213,10,0.9,13.66,31.03,0.45,14.43
2024-07-02 02:31:38.921213,10,2.04,11.11,39.47,6.44,5.35
2024-07-02 02:36:38.921213,8,4.05,18.4,32.42,6.26,6.3
2024-07-02 02:41:38.921213,4,3.8,1.83,36.32,0.86,0.52
2024-07-02 02:46:38.921213,5,0.79,0.37,0.4,1.7,8.1
2024-07-02 02:51:38.921213,5,0.04,4.23,20.68,7.49,11.92
2024-07-02 02:56:38.921213,6,4.16,15.93,47.66,6.11,4.75
2024-07-02 03:01:38.921213,3,3.14,4.83,32.14,5.94,13.07
2024-07-02 03:06:38.921213,3,4.63,10.12,47.84,0.96,10.29
2024-07-02 03:11:38.921213,10,4.14,0.38,32.91,7.57,5.41
2024-07-02 03:16:38.921213,9,4.62,13.41,44.77,0.98,0.01
2024-07-02 03:21:38.921213,8,0.83,18.08,32.01,6.55,6.57
2024-07-02 03:26:38.921213,9,2.05,18.76,1.48,0.22,12.92
2024-07-02 03:31:38.921213,4,4.61,11.24,19.71,7.63,8.45
2024-07-02 03:36:38.921213,7,1.21,15.89,22.53,4.64,6.47
2024-07-02 03:41:38.921213,2,3.52,7.67,43.91,5.37,9.89
2024-07-02 03:46:38.921213,4,2.75,3.61,9.63,4.9,11.64
2024-07-02 03:51:38.921213,8,4.76,3.61,26.26,4.36,7.34
2024-07-02 03:56:38.921213,7,1.89,10.08,22.88,5.41,14.87
2024-07-02 04:01:38.921213,7,1.78,9.25,10.82,5.69,4.34
2024-07-02 04:06:38.921213,1,4.76,9.76,37.57,8.82,1.2
2024-07-02 04:11:38.921213,8,1.52,12.65,36.95,2.47,0.37
2024-07-02 04:16:38.921213,10,2.58,15.0,28.68,5.42,12.85
2024-07-02 04:21:38.921213,2,0.97,0.1,1.3,8.54,10.9
2024-07-02 04:26:38.921213,3,0.5,18.34,10.36,0.67,9.69
2024-07-02 04:31:38.921213,5,2.84,11.57,36.76,2.69,9.17
2024-07-02 04:36:38.921213,2,2.26,12.53,13.87,7.04,5.71
2024-07-02 04:41:38.921213,6,3.71,2.5,3.86,1.66,6.22
2024-07-02 04:46:38.921213,2,2.27,8.23,21.48,9.49,13.74
2024-07-02 04:51:38.921213,10,0.18,17.76,22.99,0.25,13.12
2024-07-02 04:56:38.921213,8,3.47,0.62,46.62,8.8,5.14
2024-07-02 05:01:38.921213,10,2.27,4.96,25.13,7.88,9.02
2024-07-02 05:06:38.921213,5,3.45,1.85,45.02,7.45,9.41
2024-07-02 05:11:38.921213,10,0.33,6.52,19.96,4.62,4.87
2024-07-02 05:16:38.921213,10,2.46,4.87,43.86,7.33,4.56
2024-07-02 05:21:38.921213,6,4.88,17.44,11.91,0.15,11.68
2024-07-02 05:26:38.921213,8,3.01,17.28,42.12,1.56,7.47
2024-07-02 05:31:38.921213,5,4.29,18.76,9.89,2.56,11.26
2024-07-02 05:36:38.921213,5,1.67,17.67,6.41,9.44,12.25
2024-07-02 05:41:38.921213,7,1.88,6.99,37.56,0.49,0.11
2024-07-02 05:46:38.921213,2,1.05,18.47,23.19,1.5,9.74
2024-07-02 05:51:38.921213,6,0.54,19.29,16.89,6.38,14.57
2024-07-02 05:56:38.921213,6,0.4,4.48,21.34,5.72,8.56
2024-07-02 06:01:38.921213,10,1.23,15.73,41.61,2.07,3.5
2024-07-02 06:06:38.921213,1,2.72,9.67,20.76,9.81,9.81
2024-07-02 06:11:38.921213,6,1.27,7.2,28.01,2.74,12.35
2024-07-02 06:16:38.921213,9,1.68,18.21,48.61,2.23,2.01
2024-07-02 06:21:38.921213,5,0.93,5.89,28.64,8.99,5.99
2024-07-02 06:26:38.921213,6,3.77,17.96,23.4,7.45,14.04
2024-07-02 06:31:38.921213,7,4.6,4.49,40.27,5.24,13.04
2024-07-02 06:36:38.921213,3,2.45,2.9,33.27,7.23,6.43
2024-07-02 06:41:38.921213,6,1.12,15.59,35.45,0.03,14.41
2024-07-02 06:46:38.921213,3,1.46,8.7,45.88,6.92,9.51
2024-07-02 06:51:38.921213,9,1.68,12.69,11.16,8.56,12.08
2024-07-02 06:56:38.921213,1,0.79,12.22,40.43,9.88,4.6
2024-07-02 07:01:38.921213,7,1.32,12.43,43.62,1.04,4.69
2024-07-02 07:06:38.921213,6,0.76,0.78,7.76,2.83,13.18
2024-07-02 07:11:38.921213,5,1.23,16.97,36.32,2.24,2.48
2024-07-02 07:16:38.921213,9,1.01,7.43,49.24,8.88,13.8
2024-07-02 07:21:38.921213,5,3.28,15.6,5.76,6.87,1.28
2024-07-02 07:26:38.921213,6,0.44,15.84,3.67,6.35,3.67
2024-07-02 07:31:38.921213,3,2.19,11.18,33.27,0.37,3.27
2024-07-02 07:36:38.921213,8,1.32,14.16,36.07,1.39,1.16
2024-07-02 07:41:38.921213,2,2.46,1.51,1.86,3.23,14.18
2024-07-02 07:46:38.921213,10,2.48,2.72,43.32,0.51,10.92
2024-07-02 07:51:38.921213,3,3.41,1.28,37.14,9.22,12.18
2024-07-02 07:56:38.921213,2,0.86,8.94,12.67,0.12,11.37
2024-07-02 08:01:38.921213,2,1.41,4.18,8.68,3.03,5.65
2024-07-02 08:06:38.921213,7,3.69,10.51,48.83,6.6,10.48
2024-07-02 08:11:38.921213,4,0.51,7.72,47.8,0.15,9.23
2024-07-02 08:16:38.921213,10,0.96,12.38,0.67,3.65,2.08
2024-07-02 08:21:38.921213,1,4.75,14.58,42.52,2.4,8.6
2024-07-02 08:26:38.921213,6,1.11,1.0,26.35,5.79,9.35
2024-07-02 08:31:38.921213,3,1.64,17.1,2.56,0.54,10.96
2024-07-02 08:36:38.921213,1,2.0,1.63,49.93,6.17,8.74
2024-07-02 08:41:38.921213,10,4.58,9.1,31.03,1.63,2.6
2024-07-02 08:46:38.921213,1,3.09,8.62,0.17,6.58,10.38
2024-07-02 08:51:38.921213,4,1.2,1.37,7.31,4.47,1.23
2024-07-02 08:56:38.921213,8,1.86,13.96,13.59,9.86,3.56
2024-07-02 09:01:38.921213,9,4.65,11.44,43.94,1.87,0.99
2024-07-02 09:06:38.921213,1,3.9,3.28,2.25,7.58,0.81
2024-07-02 09:11:38.921213,3,1.74,5.34,23.43,0.32,0.42
2024-07-02 09:16:38.921213,10,1.44,14.22,15.64,4.99,1.16
2024-07-02 09:21:38.921213,10,1.36,2.96,19.46,2.57,12.9
2024-07-02 09:26:38.921213,10,1.38,8.14,21.91,0.92,4.28
2024-07-02 09:31:38.921213,7,0.75,19.56,17.48,6.19,7.01
2024-07-02 09:36:38.921213,7,3.91,5.48,2.16,6.38,8.3
2024-07-02 09:41:38.921213,5,4.25,0.94,3.33,5.02,1.31
2024-07-02 09:46:38.921213,6,0.72,8.13,48.1,8.37,5.51
2024-07-02 09:51:38.921213,4,0.4,14.46,44.27,6.33,13.95
2024-07-02 09:56:38.921213,10,3.79,16.42,43.74,3.23,11.11
2024-07-02 10:01:38.921213,6,0.07,4.02,22.48,9.56,14.62
2024-07-02 10:06:38.921213,2,3.75,14.15,8.32,1.08,9.13
2024-07-02 10:11:38.921213,1,2.55,18.95,19.02,1.89,0.26
2024-07-02 10:16:38.921213,7,0.0,17.09,32.94,6.63,11.8
2024-07-02 10:21:38.921213,10,3.22,4.41,16.27,5.68,10.19
2024-07-02 10:26:38.921213,8,3.59,11.34,40.52,6.29,14.21
2024-07-02 10:31:38.921213,9,0.48,18.09,38.65,5.44,3.03
2024-07-02 10:36:38.921213,9,4.03,8.75,37.52,8.35,14.53
2024-07-02 10:41:38.921213,9,1.55,18.77,0.29,0.58,6.61
2024-07-02 10:46:38.921213,9,0.6,7.87,24.47,7.36,6.26
2024-07-02 10:51:38.921213,7,3.53,12.8,32.36,1.43,4.72
2024-07-02 10:56:38.921213,6,4.25,16.93,43.04,7.44,8.8
2024-07-02 11:01:38.921213,7,3.04,15.58,45.37,0.46,10.41
2024-07-02 11:06:38.921213,8,0.3,13.64,15.28,8.3,12.83
2024-07-02 11:11:38.921213,4,2.49,10.06,26.49,5.11,14.45
2024-07-02 11:16:38.921213,4,2.77,10.94,19.75,4.11,2.69
2024-07-02 11:21:38.921213,5,4.51,12.65,28.44,0.97,9.69
2024-07-02 11:26:38.921213,9,1.02,16.88,34.76,1.57,11.52
2024-07-02 11:31:38.921213,9,0.34,18.35,36.85,8.62,8.18
2024-07-02 11:36:38.921213,7,1.75,7.1,21.23,5.6,6.12
2024-07-02 11:41:38.921213,7,2.88,0.86,46.58,6.99,9.37
2024-07-02 11:46:38.921213,2,2.31,15.13,7.18,0.08,2.99
2024-07-02 11:51:38.921213,10,1.84,5.48,28.84,8.93,7.82
2024-07-02 11:56:38.921213,5,1.63,12.41,24.11,4.37,10.49
2024-07-02 12:01:38.921213,9,0.08,2.75,6.66,2.57,5.62
2024-07-02 12:06:38.921213,2,1.17,1.37,16.98,6.12,10.47
2024-07-02 12:11:38.921213,10,2.86,8.85,7.79,1.44,7.13
2024-07-02 12:16:38.921213,1,4.55,17.2,0.94,1.62,1.95
2024-07-02 12:21:38.921213,5,1.3,8.5,24.11,8.03,8.13
2024-07-02 12:26:38.921213,10,4.62,18.52,49.89,3.87,8.49
2024-07-02 12:31:38.921213,7,0.41,14.29,35.72,2.49,13.11
2024-07-02 12:36:38.921213,6,0.18,0.54,0.85,1.15,2.18
2024-07-02 12:41:38.921213,8,0.96,18.04,21.19,7.19,5.64
2024-07-02 12:46:38.921213,2,1.48,19.21,28.33,5.24,5.77
2024-07-02 12:51:38.921213,2,3.01,1.22,18.75,3.42,11.66
2024-07-02 12:56:38.921213,1,0.93,14.99,24.23,8.05,8.66
2024-07-02 13:01:38.921213,3,0.23,19.55,17.2,9.98,7.19
2024-07-02 13:06:38.921213,1,4.75,17.58,8.97,9.24,4.07
2024-07-02 13:11:38.921213,10,3.16,14.13,35.07,4.57,8.74
2024-07-02 13:16:38.921213,5,3.64,7.41,42.71,9.43,11.95
2024-07-02 13:21:38.921213,2,0.06,2.03,19.91,9.39,6.31
2024-07-02 13:26:38.921213,5,2.12,12.58,27.97,1.74,3.73
2024-07-02 13:31:38.921213,6,0.46,7.05,49.18,6.53,9.08
2024-07-02 13:36:38.921213,6,2.15,0.63,41.28,0.6,11.59
2024-07-02 13:41:38.921213,6,3.75,9.15,15.64,0.17,6.79
2024-07-02 13:46:38.921213,10,4.75,4.49,39.57,3.6,0.46
2024-07-02 13:51:38.921213,9,0.51,3.13,9.91,2.94,14.12
2024-07-02 13:56:38.921213,8,3.55,1.57,29.46,0.62,10.85
2024-07-02 14:01:38.921213,3,0.69,16.68,40.61,1.5,5.06
2024-07-02 14:06:38.921213,7,1.66,2.62,24.05,8.23,6.79
2024-07-02 14:11:38.921213,5,3.7,6.87,45.52,0.81,14.01
2024-07-02 14:16:38.921213,5,0.85,14.6,29.17,4.91,7.38
2024-07-02 14:21:38.921213,4,3.77,0.63,1.28,0.07,10.05
2024-07-02 14:26:38.921213,4,3.02,11.61,27.46,2.55,11.27
2024-07-02 14:31:38.921213,7,4.63,18.46,18.08,5.01,8.58
2024-07-02 14:36:38.921213,7,0.56,9.98,49.45,2.74,4.41
2024-07-02 14:41:38.921213,10,0.67,15.53,23.53,3.63,0.92
2024-07-02 14:46:38.921213,2,2.4,13.18,47.65,9.77,6.72
2024-07-02 14:51:38.921213,1,1.94,14.78,38.29,9.43,9.71
2024-07-02 14:56:38.921213,9,0.19,6.28,26.06,4.11,8.24
2024-07-02 15:01:38.921213,7,0.99,15.08,23.15,1.11,12.27
2024-07-02 15:06:38.921213,3,1.42,19.81,8.08,9.98,5.65
2024-07-02 15:11:38.921213,9,1.71,18.2,44.2,2.25,9.85
2024-07-02 15:16:38.921213,9,4.53,11.91,17.84,5.69,13.69
2024-07-02 15:21:38.921213,5,0.1,8.62,38.41,1.83,8.98
2024-07-02 15:26:38.921213,6,3.25,2.9,42.82,8.12,12.08
2024-07-02 15:31:38.921213,10,2.66,19.31,45.79,6.67,6.66
2024-07-02 15:36:38.921213,6,1.87,10.28,36.25,1.63,7.93
2024-07-02 15:41:38.921213,8,1.73,18.57,38.59,3.44,14.53
2024-07-02 15:46:38.921213,8,0.67,10.68,36.88,2.41,12.26
2024-07-02 15:51:38.921213,4,2.33,7.0,15.61,3.24,7.31
2024-07-02 15:56:38.921213,4,3.57,3.67,19.3,2.84,6.91
2024-07-02 16:01:38.921213,7,1.39,17.26,15.01,1.68,10.79
2024-07-02 16:06:38.921213,9,0.82,12.43,29.64,8.27,0.06
2024-07-02 16:11:38.921213,6,2.53,13.45,38.5,3.75,12.37
2024-07-02 16:16:38.921213,5,0.12,11.16,45.28,6.57,6.97
2024-07-02 16:21:38.921213,2,4.01,18.41,38.37,9.87,7.53
2024-07-02 16:26:38.921213,6,1.15,2.07,12.9,1.41,14.17
2024-07-02 16:31:38.921213,5,4.19,16.83,21.41,5.28,7.66
2024-07-02 16:36:38.921213,5,4.58,19.82,30.95,6.61,6.54
2024-07-02 16:41:38.921213,4,1.09,15.72,46.62,9.34,7.11
2024-07-02 16:46:38.921213,8,0.01,0.78,8.66,8.43,14.68
2024-07-02 16:51:38.921213,2,2.36,0.44,45.19,7.55,0.58
2024-07-02 16:56:38.921213,5,3.83,4.2,22.97,9.27,13.56
2024-07-02 17:01:38.921213,6,4.41,15.57,39.73,0.66,0.43
2024-07-02 17:06:38.921213,3,0.89,5.1,9.45,4.3,2.62
2024-07-02 17:11:38.921213,6,1.13,9.93,23.84,2.07,7.56
2024-07-02 17:16:38.921213,1,3.28,8.94,33.59,3.06,8.26
2024-07-02 17:21:38.921213,7,0.63,7.89,0.04,7.77,2.55
2024-07-02 17:26:38.921213,1,0.14,19.18,33.09,6.35,3.31
2024-07-02 17:31:38.921213,6,3.23,3.74,8.62,4.09,10.2
2024-07-02 17:36:38.921213,1,0.88,5.87,43.35,4.85,8.22
2024-07-02 17:41:38.921213,1,0.09,16.08,3.82,9.88,6.27
2024-07-02 17:46:38.921213,2,3.43,6.2,24.35,5.64,6.7
2024-07-02 17:51:38.921213,5,1.33,6.87,27.38,4.73,2.89
2024-07-02 17:56:38.921213,3,0.25,6.39,19.98,9.44,1.71
2024-07-02 18:01:38.921213,10,4.61,8.18,18.87,2.25,3.62
2024-07-02 18:06:38.921213,4,1.01,5.48,36.19,0.82,2.73
2024-07-02 18:11:38.921213,2,1.98,0.21,26.82,2.14,1.99
2024-07-02 18:16:38.921213,6,2.7,14.19,21.92,5.13,7.13
2024-07-02 18:21:38.921213,9,1.19,3.02,9.06,2.82,8.0
2024-07-02 18:26:38.921213,2,2.42,14.44,17.36,8.52,4.06
2024-07-02 18:31:38.921213,4,4.69,7.75,37.78,2.79,10.8
2024-07-02 18:36:38.921213,8,3.6,8.35,16.71,7.72,12.35
2024-07-02 18:41:38.921213,3,3.51,6.4,33.72,0.03,8.28
2024-07-02 18:46:38.921213,3,1.26,12.4,9.6,0.11,7.03
2024-07-02 18:51:38.921213,4,4.95,10.44,30.87,7.59,0.96
2024-07-02 18:56:38.921213,5,0.37,18.25,8.89,0.14,13.44
2024-07-02 19:01:38.921213,5,3.26,1.71,29.23,4.39,12.99
2024-07-02 19:06:38.921213,9,1.69,19.82,44.32,2.89,13.84
2024-07-02 19:11:38.921213,2,1.84,1.83,35.94,4.43,9.63
2024-07-02 19:16:38.921213,5,2.63,4.9,28.92,0.34,3.98
2024-07-02 19:21:38.921213,1,4.68,2.33,28.67,4.06,5.37
2024-07-02 19:26:38.921213,5,1.8,5.83,15.35,9.75,12.55
2024-07-02 19:31:38.921213,1,4.86,4.94,43.07,9.19,8.05
2024-07-02 19:36:38.921213,7,4.47,15.22,12.38,2.25,8.52
2024-07-02 19:41:38.921213,3,4.33,18.55,49.79,0.82,13.79
2024-07-02 19:46:38.921213,5,4.25,7.63,11.22,5.42,0.17
2024-07-02 19:51:38.921213,4,2.79,11.16,38.73,6.01,0.67
2024-07-02 19:56:38.921213,6,0.9,6.33,40.44,4.73,13.08
2024-07-02 20:01:38.921213,4,4.45,14.65,46.11,2.44,9.12
2024-07-02 20:06:38.921213,7,4.94,13.19,29.45,7.19,1.58
2024-07-02 20:11:38.921213,6,3.63,17.54,47.97,5.74,14.81
2024-07-02 20:16:38.921213,6,3.93,0.76,45.34,3.73,9.57
2024-07-02 20:21:38.921213,1,1.16,19.4,42.7,5.19,0.05
2024-07-02 20:26:38.921213,6,4.56,0.81,35.76,6.49,2.45
2024-07-02 20:31:38.921213,3,2.34,9.71,20.24,2.76,8.45
2024-07-02 20:36:38.921213,8,0.05,14.19,46.66,2.66,3.0
2024-07-02 20:41:38.921213,7,4.17,2.04,33.55,1.96,10.53
2024-07-02 20:46:38.921213,4,4.35,17.05,49.4,2.31,10.88
2024-07-02 20:51:38.921213,8,4.95,8.49,2.0,4.46,9.45
2024-07-02 20:56:38.921213,5,0.07,2.01,30.72,7.41,4.66
2024-07-02 21:01:38.921213,5,3.77,2.34,35.51,6.9,3.68
2024-07-02 21:06:38.921213,4,0.73,14.3,34.07,2.2,3.31
2024-07-02 21:11:38.921213,2,4.3,17.76,28.89,8.94,1.22
2024-07-02 21:16:38.921213,7,3.74,3.59,27.01,3.59,8.55
2024-07-02 21:21:38.921213,7,3.63,16.23,25.49,7.27,11.0
2024-07-02 21:26:38.921213,3,3.92,6.87,28.62,3.25,11.49
2024-07-02 21:31:38.921213,5,1.58,18.89,30.33,8.85,3.0
2024-07-02 21:36:38.921213,8,0.41,6.75,32.18,1.99,14.44
2024-07-02 21:41:38.921213,2,2.28,10.32,26.32,6.7,9.2
2024-07-02 21:46:38.921213,8,3.96,2.36,20.39,2.53,10.16
2024-07-02 21:51:38.921213,6,2.23,8.48,3.66,8.29,10.43
2024-07-02 21:56:38.921213,5,3.65,2.7,11.94,0.55,3.86
2024-07-02 22:01:38.921213,4,1.66,2.68,25.53,4.8,12.62
2024-07-02 22:06:38.921213,10,1.93,5.82,11.19,8.85,6.15
2024-07-02 22:11:38.921213,1,0.92,17.22,43.82,7.14,11.34
2024-07-02 22:16:38.921213,2,4.05,15.62,16.19,5.72,6.45
2024-07-02 22:21:38.921213,9,0.32,18.17,32.17,9.19,9.46
2024-07-02 22:26:38.921213,10,2.14,5.67,4.98,8.1,4.84
2024-07-02 22:31:38.921213,7,0.71,9.53,22.72,1.69,6.63
2024-07-02 22:36:38.921213,5,1.52,3.31,18.58,7.63,2.12
2024-07-02 22:41:38.921213,9,1.93,14.27,32.35,4.92,8.85
2024-07-02 22:46:38.921213,6,4.12,2.57,29.73,8.71,6.87
2024-07-02 22:51:38.921213,4,0.61,9.34,11.17,0.31,9.86
2024-07-02 22:56:38.921213,4,4.1,15.98,27.15,2.21,13.6
2024-07-02 23:01:38.921213,5,1.68,3.24,38.58,5.24,7.07
2024-07-02 23:06:38.921213,3,2.43,0.2,10.78,8.22,5.15
2024-07-02 23:11:38.921213,2,4.56,11.86,9.24,2.82,9.26
2024-07-02 23:16:38.921213,3,1.63,2.54,9.0,5.03,11.03
2024-07-02 23:21:38.921213,7,0.43,15.66,48.26,1.8,0.39
2024-07-02 23:26:38.921213,7,4.04,4.32,37.08,0.02,14.55
2024-07-02 23:31:38.921213,1,4.04,10.6,20.59,0.13,2.04
2024-07-02 23:36:38.921213,4,1.49,11.08,37.43,8.32,11.36
2024-07-02 23:41:38.921213,7,3.2,3.82,5.6,5.68,11.23
2024-07-02 23:46:38.921213,4,2.53,7.75,30.74,6.26,1.55
2024-07-02 23:51:38.921213,9,1.23,6.04,36.94,1.89,6.7
2024-07-02 23:56:38.921213,2,2.96,8.57,47.43,7.2,5.95
2024-07-03 00:01:38.921213,2,2.96,3.29,48.48,6.09,12.51
2024-07-03 00:06:38.921213,3,1.39,1.4,42.61,7.15,4.02
2024-07-03 00:11:38.921213,3,1.85,8.77,8.03,0.06,8.01
2024-07-03 00:16:38.921213,4,1.0,9.79,20.22,1.99,13.37
2024-07-03 00:21:38.921213,5,3.52,4.7,39.14,5.19,0.63
2024-07-03 00:26:38.921213,5,0.52,12.8,2.55,7.58,14.85
2024-07-03 00:31:38.921213,3,2.58,3.17,46.46,5.06,1.82
2024-07-03 00:36:38.921213,8,0.0,5.57,45.31,2.61,12.78
2024-07-03 00:41:38.921213,9,4.45,9.16,19.44,2.71,5.27
2024-07-03 00:46:38.921213,6,1.32,0.45,33.08,4.6,13.56
2024-07-03 00:51:38.921213,1,1.81,11.07,28.62,4.8,5.3
2024-07-03 00:56:38.921213,9,2.09,6.23,35.38,7.4,7.58
2024-07-03 01:01:38.921213,6,1.22,11.07,8.2,5.87,9.02
2024-07-03 01:06:38.921213,4,2.41,19.56,9.01,9.21,1.53
2024-07-03 01:11:38.921213,8,1.38,16.06,31.12,7.6,9.78
2024-07-03 01:16:38.921213,7,3.74,16.7,1.67,2.62,13.33
2024-07-03 01:21:38.921213,9,1.73,16.87,20.59,4.92,11.81
2024-07-03 01:26:38.921213,3,1.76,0.83,33.82,0.36,4.75
2024-07-03 01:31:38.921213,1,4.7,12.87,21.9,9.9,2.39
2024-07-03 01:36:38.921213,6,1.67,19.53,40.43,2.43,12.26
2024-07-03 01:41:38.921213,8,3.19,15.95,45.52,0.11,4.32
2024-07-03 01:46:38.921213,2,0.58,11.59,14.99,3.36,11.75
2024-07-03 01:51:38.921213,8,0.31,16.2,37.07,2.49,2.76
2024-07-03 01:56:38.921213,8,4.59,9.42,1.93,2.23,2.11
2024-07-03 02:01:38.921213,4,3.15,15.35,38.47,5.82,2.05
2024-07-03 02:06:38.921213,8,2.53,9.7,37.15,7.42,4.2
2024-07-03 02:11:38.921213,6,0.98,9.54,43.35,2.9,14.66
2024-07-03 02:16:38.921213,3,1.02,5.76,27.0,6.23,3.65
2024-07-03 02:21:38.921213,9,3.17,2.76,49.02,7.41,7.61
2024-07-03 02:26:38.921213,7,3.56,19.29,1.61,0.75,6.19
2024-07-03 02:31:38.921213,1,0.7,6.48,21.17,9.91,0.17
2024-07-03 02:36:38.921213,2,4.82,4.76,43.62,5.71,6.51
2024-07-03 02:41:38.921213,7,0.87,15.84,46.98,0.53,14.99
2024-07-03 02:46:38.921213,7,4.06,4.91,8.04,4.14,8.56
2024-07-03 02:51:38.921213,9,3.51,4.23,46.84,7.99,14.16
2024-07-03 02:56:38.921213,1,2.28,14.94,6.35,3.43,9.88
2024-07-03 03:01:38.921213,3,2.53,14.42,41.53,7.61,14.87
2024-07-03 03:06:38.921213,3,3.75,14.17,36.31,2.09,6.77
2024-07-03 03:11:38.921213,3,1.76,6.61,27.7,1.16,13.32
2024-07-03 03:16:38.921213,5,3.42,11.68,39.21,2.93,9.91
2024-07-03 03:21:38.921213,5,4.58,12.6,47.17,3.84,9.09
2024-07-03 03:26:38.921213,6,0.89,19.74,43.78,6.25,14.76
2024-07-03 03:31:38.921213,9,1.7,5.9,17.23,6.52,13.11
2024-07-03 03:36:38.921213,10,3.86,5.22,44.87,7.99,10.43
2024-07-03 03:41:38.921213,5,3.12,16.37,12.07,2.57,14.7
2024-07-03 03:46:38.921213,2,1.54,8.06,26.23,2.04,0.14
2024-07-03 03:51:38.921213,7,4.48,10.59,40.71,1.02,9.65
