timestamp,location_id,waste_collected,recycled_waste,organic_waste,hazardous_waste
2024-06-29 16:36:38.931212,3,71.97,4.82,3.51,4.41
2024-06-29 16:41:38.931212,1,95.67,10.05,28.86,9.41
2024-06-29 16:46:38.931212,6,19.1,19.17,1.03,4.29
2024-06-29 16:51:38.931212,5,97.03,30.15,13.93,6.11
2024-06-29 16:56:38.931212,8,86.94,0.38,1.93,8.38
2024-06-29 17:01:38.931212,10,47.28,46.71,11.6,4.36
2024-06-29 17:06:38.931212,4,19.88,43.12,17.09,0.51
2024-06-29 17:11:38.931212,1,23.84,6.63,7.19,8.69
2024-06-29 17:16:38.931212,3,18.12,47.23,14.0,5.28
2024-06-29 17:21:38.931212,10,33.96,24.25,17.66,6.9
2024-06-29 17:26:38.931212,6,54.31,19.22,17.41,4.93
2024-06-29 17:31:38.931212,5,57.48,11.61,5.61,1.93
2024-06-29 17:36:38.931212,8,68.96,13.66,3.55,5.44
2024-06-29 17:41:38.931212,5,71.11,20.65,19.48,7.47
2024-06-29 17:46:38.931212,3,49.74,32.07,1.42,8.1
2024-06-29 17:51:38.931212,9,77.93,26.11,27.35,0.34
2024-06-29 17:56:38.931212,1,39.28,41.39,8.08,2.55
2024-06-29 18:01:38.931212,8,42.29,6.01,16.83,8.45
2024-06-29 18:06:38.931212,5,65.28,44.52,13.67,2.47
2024-06-29 18:11:38.931212,6,23.55,13.03,7.26,1.92
2024-06-29 18:16:38.931212,1,16.14,30.63,18.9,8.65
2024-06-29 18:21:38.931212,10,37.93,22.79,23.11,4.29
2024-06-29 18:26:38.931212,8,41.93,14.05,23.07,7.06
2024-06-29 18:31:38.931212,3,61.75,25.31,22.21,4.28
2024-06-29 18:36:38.931212,9,54.64,9.69,17.29,9.12
2024-06-29 18:41:38.931212,2,34.43,2.99,4.05,8.32
2024-06-29 18:46:38.931212,6,30.8,43.84,15.25,3.22
2024-06-29 18:51:38.931212,7,91.33,2.72,22.49,5.31
2024-06-29 18:56:38.931212,6,20.76,3.15,13.85,6.71
2024-06-29 19:01:38.931212,5,72.23,32.23,26.34,0.03
2024-06-29 19:06:38.931212,2,32.91,33.34,9.49,6.97
2024-06-29 19:11:38.931212,1,2.24,5.12,26.93,9.17
2024-06-29 19:16:38.931212,8,95.41,1.75,13.29,7.02
2024-06-29 19:21:38.931212,2,2.63,39.42,25.48,8.76
2024-06-29 19:26:38.931212,10,63.46,8.72,6.04,2.36
2024-06-29 19:31:38.931212,10,0.22,16.94,8.93,8.68
2024-06-29 19:36:38.931212,3,74.92,40.38,25.67,3.02
2024-06-29 19:41:38.931212,6,11.75,20.8,25.66,4.46
2024-06-29 19:46:38.931212,1,50.98,46.07,25.46,9.16
2024-06-29 19:51:38.931212,9,93.62,46.24,12.68,6.72
2024-06-29 19:56:38.931212,10,37.56,34.17,6.71,5.43
2024-06-29 20:01:38.931212,9,90.55,9.71,29.04,8.38
2024-06-29 20:06:38.931212,2,37.66,16.34,13.42,6.15
2024-06-29 20:11:38.931212,5,43.29,15.68,18.75,4.56
2024-06-29 20:16:38.931212,4,63.39,44.9,5.56,3.45
2024-06-29 20:21:38.931212,8,13.23,20.68,24.27,4.52
2024-06-29 20:26:38.931212,8,88.32,9.97,26.82,8.38
2024-06-29 20:31:38.931212,6,15.2,19.33,0.88,9.1
2024-06-29 20:36:38.931212,9,87.21,1.63,23.86,9.22
2024-06-29 20:41:38.931212,6,71.47,41.38,13.3,4.58
2024-06-29 20:46:38.931212,8,11.67,17.24,23.79,1.48
2024-06-29 20:51:38.931212,4,63.08,38.29,18.9,5.05
2024-06-29 20:56:38.931212,1,5.86,39.78,3.26,4.31
2024-06-29 21:01:38.931212,4,66.79,3.42,1.19,3.15
2024-06-29 21:06:38.931212,4,19.22,10.93,23.34,1.1
2024-06-29 21:11:38.931212,5,17.21,25.97,22.98,1.22
2024-06-29 21:16:38.931212,8,74.56,45.39,8.43,2.01
2024-06-29 21:21:38.931212,6,24.52,33.44,15.18,9.25
2024-06-29 21:26:38.931212,8,29.54,28.07,11.84,5.24
2024-06-29 21:31:38.931212,9,26.7,16.14,14.64,0.1
2024-06-29 21:36:38.931212,3,16.95,23.32,25.32,7.38
2024-06-29 21:41:38.931212,9,16.64,17.45,15.5,5.37
2024-06-29 21:46:38.931212,10,87.9,26.02,4.36,6.5
2024-06-29 21:51:38.931212,9,67.16,33.99,21.59,7.09
2024-06-29 21:56:38.931212,7,64.31,13.57,13.04,6.85
2024-06-29 22:01:38.931212,1,65.02,31.04,0.14,2.16
2024-06-29 22:06:38.931212,1,27.15,45.79,3.8,2.13
2024-06-29 22:11:38.931212,8,51.34,1.73,8.05,2.23
2024-06-29 22:16:38.931212,5,44.47,3.61,22.41,2.51
2024-06-29 22:21:38.931212,8,29.22,9.09,21.15,4.12
2024-06-29 22:26:38.931212,2,77.82,15.79,18.35,9.17
2024-06-29 22:31:38.931212,4,9.05,15.53,6.16,6.65
2024-06-29 22:36:38.931212,1,64.41,7.17,9.63,4.97
2024-06-29 22:41:38.931212,5,37.56,1.56,17.71,4.37
2024-06-29 22:46:38.931212,4,19.48,42.0,28.94,8.57
2024-06-29 22:51:38.931212,3,31.99,28.8,7.97,8.23
2024-06-29 22:56:38.931212,7,4.45,44.49,20.91,2.0
2024-06-29 23:01:38.931212,8,45.02,46.74,13.6,0.53
2024-06-29 23:06:38.931212,2,22.44,20.88,26.87,8.07
2024-06-29 23:11:38.931212,7,77.25,17.84,7.26,9.58
2024-06-29 23:16:38.931212,10,99.22,47.75,25.57,8.93
2024-06-29 23:21:38.931212,1,89.48,9.29,5.08,2.46
2024-06-29 23:26:38.931212,6,10.83,28.99,19.7,0.78
2024-06-29 23:31:38.931212,6,18.61,6.15,10.09,3.29
2024-06-29 23:36:38.931212,10,43.27,19.26,16.08,9.24
2024-06-29 23:41:38.931212,10,25.33,28.38,29.01,2.88
2024-06-29 23:46:38.931212,1,99.27,21.68,14.83,8.04
2024-06-29 23:51:38.931212,1,52.89,3.68,27.84,5.8
2024-06-29 23:56:38.931212,6,19.41,32.66,7.88,7.42
2024-06-30 00:01:38.931212,9,58.96,21.12,11.57,7.68
2024-06-30 00:06:38.931212,7,23.27,14.67,19.45,3.11
2024-06-30 00:11:38.931212,8,98.52,26.52,27.25,3.11
2024-06-30 00:16:38.931212,9,65.34,7.84,13.93,8.73
2024-06-30 00:21:38.931212,6,90.45,0.98,14.85,5.06
2024-06-30 00:26:38.931212,10,4.39,46.22,3.06,7.64
2024-06-30 00:31:38.931212,7,4.75,31.73,11.72,8.66
2024-06-30 00:36:38.931212,2,18.42,42.76,3.28,4.94
2024-06-30 00:41:38.931212,4,44.17,16.84,0.84,7.45
2024-06-30 00:46:38.931212,1,72.08,4.51,15.86,2.7
2024-06-30 00:51:38.931212,7,1.37,7.58,8.51,0.53
2024-06-30 00:56:38.931212,10,95.17,25.96,9.08,3.58
2024-06-30 01:01:38.931212,6,18.04,10.28,24.48,2.29
2024-06-30 01:06:38.931212,3,26.28,22.06,8.56,9.97
2024-06-30 01:11:38.931212,7,40.85,47.94,5.93,4.46
2024-06-30 01:16:38.931212,9,63.81,43.94,29.76,9.91
2024-06-30 01:21:38.931212,1,16.44,48.05,23.69,4.87
2024-06-30 01:26:38.931212,5,89.55,46.97,27.35,7.15
2024-06-30 01:31:38.931212,10,65.97,27.23,15.72,0.24
2024-06-30 01:36:38.931212,3,96.12,28.22,1.54,3.78
2024-06-30 01:41:38.931212,5,69.92,12.49,13.72,1.01
2024-06-30 01:46:38.931212,10,22.04,8.18,12.53,5.58
2024-06-30 01:51:38.931212,6,77.48,0.0,21.22,5.56
2024-06-30 01:56:38.931212,2,70.32,25.82,6.91,3.08
2024-06-30 02:01:38.931212,9,4.74,38.4,23.11,2.89
2024-06-30 02:06:38.931212,4,34.18,17.69,18.5,8.44
2024-06-30 02:11:38.931212,3,10.67,9.79,9.07,8.55
2024-06-30 02:16:38.931212,5,48.41,37.34,6.11,3.69
2024-06-30 02:21:38.931212,2,60.94,45.12,21.77,3.03
2024-06-30 02:26:38.931212,8,75.31,7.59,23.45,6.17
2024-06-30 02:31:38.931212,3,7.74,10.13,7.95,0.4
2024-06-30 02:36:38.931212,5,4.08,4.62,26.93,9.62
2024-06-30 02:41:38.931212,4,30.98,24.8,17.51,3.66
2024-06-30 02:46:38.931212,7,3.14,29.73,25.7,4.6
2024-06-30 02:51:38.931212,6,93.25,2.33,20.21,2.43
2024-06-30 02:56:38.931212,3,42.04,36.56,8.75,7.07
2024-06-30 03:01:38.931212,1,15.18,36.13,8.36,1.85
2024-06-30 03:06:38.931212,7,24.22,23.58,17.75,9.45
2024-06-30 03:11:38.931212,9,67.29,33.01,3.63,1.88
2024-06-30 03:16:38.931212,6,69.5,44.95,15.65,2.32
2024-06-30 03:21:38.931212,9,62.81,7.95,10.41,7.7
2024-06-30 03:26:38.931212,9,20.06,35.23,7.64,2.13
2024-06-30 03:31:38.931212,1,95.81,26.83,12.53,5.18
2024-06-30 03:36:38.931212,6,26.87,44.74,20.64,0.93
2024-06-30 03:41:38.931212,2,78.07,48.7,24.48,5.65
2024-06-30 03:46:38.931212,7,12.29,28.23,2.74,4.89
2024-06-30 03:51:38.931212,9,45.43,18.13,25.83,8.95
2024-06-30 03:56:38.931212,9,27.85,10.33,18.9,8.66
2024-06-30 04:01:38.931212,8,9.52,47.54,5.66,0.06
2024-06-30 04:06:38.931212,7,54.98,24.91,1.57,9.14
2024-06-30 04:11:38.931212,10,4.89,28.91,20.24,5.84
2024-06-30 04:16:38.931212,7,22.33,36.69,13.51,1.49
2024-06-30 04:21:38.931212,5,58.32,46.85,25.09,1.45
2024-06-30 04:26:38.931212,2,47.42,35.76,8.59,6.14
2024-06-30 04:31:38.931212,6,90.03,25.79,12.13,9.9
2024-06-30 04:36:38.931212,2,20.65,13.45,7.83,7.79
2024-06-30 04:41:38.931212,1,8.84,35.68,18.08,9.23
2024-06-30 04:46:38.931212,4,95.33,48.46,18.34,4.9
2024-06-30 04:51:38.931212,7,2.12,37.4,29.55,6.03
2024-06-30 04:56:38.931212,7,66.83,19.91,16.6,3.06
2024-06-30 05:01:38.931212,5,36.22,29.41,16.76,1.41
2024-06-30 05:06:38.931212,8,98.48,4.43,3.51,3.75
2024-06-30 05:11:38.931212,8,67.9,25.24,22.58,3.56
2024-06-30 05:16:38.931212,5,73.4,43.17,18.53,0.06
2024-06-30 05:21:38.931212,1,83.59,39.84,0.92,9.25
2024-06-30 05:26:38.931212,9,13.23,33.38,21.35,2.51
2024-06-30 05:31:38.931212,3,12.68,32.97,8.79,7.55
2024-06-30 05:36:38.931212,7,42.67,47.35,23.15,6.91
2024-06-30 05:41:38.931212,9,18.19,7.05,10.14,9.68
2024-06-30 05:46:38.931212,7,44.2,45.51,25.84,2.26
2024-06-30 05:51:38.931212,3,23.06,28.98,14.72,3.92
2024-06-30 05:56:38.931212,2,26.17,38.21,21.16,6.63
2024-06-30 06:01:38.931212,5,40.87,29.24,6.02,8.22
2024-06-30 06:06:38.931212,6,14.6,6.42,10.84,6.16
2024-06-30 06:11:38.931212,6,94.74,44.58,25.81,4.91
2024-06-30 06:16:38.931212,5,49.92,40.5,5.5,7.86
2024-06-30 06:21:38.931212,2,3.55,31.1,7.6,1.81
2024-06-30 06:26:38.931212,7,20.97,3.95,25.45,9.66
2024-06-30 06:31:38.931212,8,50.36,0.79,21.23,2.57
2024-06-30 06:36:38.931212,5,14.21,1.43,29.4,5.64
2024-06-30 06:41:38.931212,8,51.37,30.3,18.44,4.34
2024-06-30 06:46:38.931212,8,88.04,10.27,18.03,8.97
2024-06-30 06:51:38.931212,7,54.35,22.98,15.8,3.1
2024-06-30 06:56:38.931212,2,85.82,28.56,28.59,8.37
2024-06-30 07:01:38.931212,8,82.74,30.79,2.37,1.44
2024-06-30 07:06:38.931212,3,90.26,29.54,19.6,4.28
2024-06-30 07:11:38.931212,5,32.29,47.72,15.18,6.36
2024-06-30 07:16:38.931212,8,5.67,43.19,16.85,8.32
2024-06-30 07:21:38.931212,4,4.16,44.83,27.09,4.71
2024-06-30 07:26:38.931212,8,97.05,20.18,7.77,4.55
2024-06-30 07:31:38.931212,8,90.9,0.44,15.97,8.01
2024-06-30 07:36:38.931212,3,26.84,16.49,20.19,9.35
2024-06-30 07:41:38.931212,1,8.51,36.57,4.61,5.93
2024-06-30 07:46:38.931212,8,21.11,4.01,22.96,0.49
2024-06-30 07:51:38.931212,2,74.47,18.54,25.1,7.71
2024-06-30 07:56:38.931212,2,15.15,40.44,1.89,8.8
2024-06-30 08:01:38.931212,3,0.66,18.18,10.62,7.13
2024-06-30 08:06:38.931212,3,15.88,48.94,28.28,2.95
2024-06-30 08:11:38.931212,7,38.55,25.86,6.47,1.76
2024-06-30 08:16:38.931212,2,6.44,7.25,22.07,0.26
2024-06-30 08:21:38.931212,7,13.26,29.96,12.24,1.65
2024-06-30 08:26:38.931212,6,57.17,1.28,0.37,1.51
2024-06-30 08:31:38.931212,6,57.75,36.67,22.37,6.7
2024-06-30 08:36:38.931212,3,99.41,39.43,21.66,7.79
2024-06-30 08:41:38.931212,3,1.45,9.12,21.34,7.88
2024-06-30 08:46:38.931212,2,89.89,13.63,20.65,7.66
2024-06-30 08:51:38.931212,6,3.82,25.56,16.02,0.34
2024-06-30 08:56:38.931212,5,78.91,16.94,17.22,2.06
2024-06-30 09:01:38.931212,7,58.34,48.76,25.52,0.14
2024-06-30 09:06:38.931212,2,5.94,35.2,11.17,5.87
2024-06-30 09:11:38.931212,1,91.32,44.0,2.43,5.31
2024-06-30 09:16:38.931212,4,67.26,47.82,7.39,3.06
2024-06-30 09:21:38.931212,6,54.74,32.87,21.92,2.47
2024-06-30 09:26:38.931212,7,82.57,37.55,25.98,7.82
2024-06-30 09:31:38.931212,2,42.42,47.64,20.57,1.68
2024-06-30 09:36:38.931212,8,67.66,49.31,4.13,7.75
2024-06-30 09:41:38.931212,1,20.56,47.44,26.18,0.05
2024-06-30 09:46:38.931212,5,22.25,48.08,20.22,2.69
2024-06-30 09:51:38.931212,6,83.54,38.12,7.66,0.67
2024-06-30 09:56:38.931212,7,78.96,47.68,12.83,0.26
2024-06-30 10:01:38.931212,4,29.82,25.27,10.03,7.9
2024-06-30 10:06:38.931212,7,16.51,12.48,29.75,6.15
2024-06-30 10:11:38.931212,7,28.65,37.0,25.72,3.71
2024-06-30 10:16:38.931212,2,96.14,5.05,28.47,7.72
2024-06-30 10:21:38.931212,2,56.79,3.41,2.69,5.18
2024-06-30 10:26:38.931212,3,1.93,7.3,23.75,8.95
2024-06-30 10:31:38.931212,1,39.85,2.33,26.98,2.86
2024-06-30 10:36:38.931212,4,32.96,26.88,23.07,3.99
2024-06-30 10:41:38.931212,1,53.43,31.31,1.82,2.09
2024-06-30 10:46:38.931212,9,75.79,26.73,28.53,8.08
2024-06-30 10:51:38.931212,4,76.72,42.61,2.34,6.85
2024-06-30 10:56:38.931212,8,72.86,26.85,7.75,3.17
2024-06-30 11:01:38.931212,1,87.23,6.62,26.6,5.25
2024-06-30 11:06:38.931212,8,79.78,43.6,13.35,0.82
2024-06-30 11:11:38.931212,3,75.95,3.9,1.43,6.88
2024-06-30 11:16:38.931212,8,68.68,8.84,17.85,1.86
2024-06-30 11:21:38.931212,3,1.56,41.65,21.44,8.18
2024-06-30 11:26:38.931212,8,2.78,13.24,1.58,3.94
2024-06-30 11:31:38.931212,6,22.35,46.84,0.4,3.27
2024-06-30 11:36:38.931212,8,76.95,22.05,23.84,5.6
2024-06-30 11:41:38.931212,6,0.87,28.72,18.47,7.37
2024-06-30 11:46:38.931212,2,12.73,10.22,5.58,8.29
2024-06-30 11:51:38.931212,7,22.84,14.74,29.33,0.38
2024-06-30 11:56:38.931212,9,72.58,6.55,17.81,6.38
2024-06-30 12:01:38.931212,6,40.78,37.85,3.54,6.05
2024-06-30 12:06:38.931212,10,2.68,1.24,28.47,8.82
2024-06-30 12:11:38.931212,8,12.09,0.43,18.34,1.96
2024-06-30 12:16:38.931212,2,73.39,13.46,2.79,5.68
2024-06-30 12:21:38.931212,7,22.95,13.03,24.65,1.85
2024-06-30 12:26:38.931212,6,85.56,3.44,1.19,1.51
2024-06-30 12:31:38.931212,3,92.08,46.53,20.65,2.89
2024-06-30 12:36:38.931212,2,53.97,34.32,26.22,5.65
2024-06-30 12:41:38.931212,8,75.38,40.89,0.29,0.83
2024-06-30 12:46:38.931212,7,65.6,16.06,22.3,3.13
2024-06-30 12:51:38.931212,6,92.65,8.85,2.81,5.93
2024-06-30 12:56:38.931212,9,59.6,33.3,7.67,7.11
2024-06-30 13:01:38.931212,9,79.76,45.68,12.02,0.01
2024-06-30 13:06:38.931212,6,56.28,41.41,23.19,3.14
2024-06-30 13:11:38.931212,7,16.3,10.24,15.89,5.52
2024-06-30 13:16:38.931212,7,76.23,8.73,6.27,8.24
2024-06-30 13:21:38.931212,3,14.48,24.03,5.69,4.77
2024-06-30 13:26:38.931212,8,45.62,22.87,0.68,9.54
2024-06-30 13:31:38.931212,8,79.59,47.36,20.76,8.62
2024-06-30 13:36:38.931212,2,4.26,45.75,3.09,1.8
2024-06-30 13:41:38.931212,6,93.72,25.49,28.2,7.92
2024-06-30 13:46:38.931212,7,14.03,23.4,3.58,4.41
2024-06-30 13:51:38.931212,3,98.53,49.49,5.83,8.65
2024-06-30 13:56:38.931212,6,73.34,7.71,28.42,5.12
2024-06-30 14:01:38.931212,4,29.87,11.86,26.19,5.84
2024-06-30 14:06:38.931212,2,14.73,40.35,22.36,4.19
2024-06-30 14:11:38.931212,1,75.3,48.35,10.63,5.26
2024-06-30 14:16:38.931212,1,99.8,9.67,21.23,4.43
2024-06-30 14:21:38.931212,10,30.83,40.96,10.73,1.32
2024-06-30 14:26:38.931212,6,66.71,10.54,0.02,0.06
2024-06-30 14:31:38.931212,7,21.93,34.01,21.47,6.2
2024-06-30 14:36:38.931212,1,34.4,1.29,5.2,0.48
2024-06-30 14:41:38.931212,4,79.46,46.84,2.12,3.89
2024-06-30 14:46:38.931212,4,78.6,5.06,1.2,7.36
2024-06-30 14:51:38.931212,2,5.1,7.93,24.29,5.04
2024-06-30 14:56:38.931212,10,6.54,11.91,3.35,1.34
2024-06-30 15:01:38.931212,2,4.8,42.8,29.73,2.93
2024-06-30 15:06:38.931212,1,77.84,4.59,2.24,3.92
2024-06-30 15:11:38.931212,9,2.68,29.53,13.0,4.11
2024-06-30 15:16:38.931212,9,70.83,15.57,12.69,3.64
2024-06-30 15:21:38.931212,6,37.93,35.99,26.81,6.42
2024-06-30 15:26:38.931212,10,41.03,44.66,12.93,9.15
2024-06-30 15:31:38.931212,2,61.58,16.8,2.89,2.95
2024-06-30 15:36:38.931212,8,88.26,17.87,9.19,2.96
2024-06-30 15:41:38.931212,4,5.59,16.55,23.46,0.37
2024-06-30 15:46:38.931212,9,32.79,8.45,6.3,0.07
2024-06-30 15:51:38.931212,10,93.17,45.78,9.78,2.1
2024-06-30 15:56:38.931212,4,44.37,8.68,1.38,6.48
2024-06-30 16:01:38.931212,2,98.88,20.73,24.84,4.45
2024-06-30 16:06:38.931212,2,8.66,24.07,16.12,0.17
2024-06-30 16:11:38.931212,5,19.68,49.13,7.3,7.84
2024-06-30 16:16:38.931212,10,14.06,23.08,21.37,8.99
2024-06-30 16:21:38.931212,4,80.83,41.42,27.02,2.97
2024-06-30 16:26:38.931212,3,79.45,33.39,0.32,0.16
2024-06-30 16:31:38.931212,4,26.76,49.56,14.2,7.89
2024-06-30 16:36:38.931212,5,69.33,43.12,6.53,8.81
2024-06-30 16:41:38.931212,5,91.57,4.41,7.54,4.85
2024-06-30 16:46:38.931212,7,7.72,28.22,21.61,3.43
2024-06-30 16:51:38.931212,5,74.08,42.2,22.37,3.19
2024-06-30 16:56:38.931212,9,89.34,16.53,16.4,7.32
2024-06-30 17:01:38.931212,7,62.25,27.95,23.46,8.05
2024-06-30 17:06:38.931212,4,37.61,42.76,13.05,7.71
2024-06-30 17:11:38.931212,2,6.06,48.28,15.13,2.85
2024-06-30 17:16:38.931212,7,45.03,18.34,23.02,3.37
2024-06-30 17:21:38.931212,8,22.96,35.21,8.97,9.82
2024-06-30 17:26:38.931212,2,51.0,36.89,18.36,1.2
2024-06-30 17:31:38.931212,8,44.93,20.02,24.73,5.69
2024-06-30 17:36:38.931212,7,26.65,33.94,26.82,5.05
2024-06-30 17:41:38.931212,6,35.23,29.12,13.13,1.19
2024-06-30 17:46:38.931212,8,15.19,16.77,20.57,6.51
2024-06-30 17:51:38.931212,1,31.17,27.71,5.97,0.46
2024-06-30 17:56:38.931212,4,39.74,36.68,9.24,6.03
2024-06-30 18:01:38.931212,7,51.72,0.1,12.89,0.54
2024-06-30 18:06:38.931212,4,69.49,24.64,27.79,3.78
2024-06-30 18:11:38.931212,7,93.5,25.56,17.11,5.46
2024-06-30 18:16:38.931212,7,4.92,28.46,14.57,8.63
2024-06-30 18:21:38.931212,7,28.41,28.5,13.97,5.42
2024-06-30 18:26:38.931212,2,88.84,9.47,15.75,3.67
2024-06-30 18:31:38.931212,2,76.81,46.07,14.62,6.97
2024-06-30 18:36:38.931212,1,88.46,29.69,29.71,1.12
2024-06-30 18:41:38.931212,9,37.35,48.43,19.19,0.9
2024-06-30 18:46:38.931212,1,68.96,29.61,22.45,3.74
2024-06-30 18:51:38.931212,7,66.67,30.33,11.95,1.72
2024-06-30 18:56:38.931212,9,24.16,5.91,2.23,4.51
2024-06-30 19:01:38.931212,9,67.6,13.26,4.38,8.0
2024-06-30 19:06:38.931212,7,10.43,17.81,2.4,2.99
2024-06-30 19:11:38.931212,7,26.28,11.88,5.26,6.91
2024-06-30 19:16:38.931212,3,18.92,37.14,29.06,0.77
2024-06-30 19:21:38.931212,6,19.69,25.3,26.02,8.27
2024-06-30 19:26:38.931212,5,48.13,21.04,10.6,7.26
2024-06-30 19:31:38.931212,5,6.11,26.65,21.99,7.11
2024-06-30 19:36:38.931212,2,88.2,9.16,22.06,2.44
2024-06-30 19:41:38.931212,5,76.65,26.61,0.52,7.3
2024-06-30 19:46:38.931212,3,7.05,39.63,6.2,2.96
2024-06-30 19:51:38.931212,1,57.36,9.11,3.01,1.18
2024-06-30 19:56:38.931212,8,90.54,26.54,10.86,4.35
2024-06-30 20:01:38.931212,9,62.35,10.03,23.72,8.52
2024-06-30 20:06:38.931212,10,22.93,35.95,5.12,3.58
2024-06-30 20:11:38.931212,10,75.47,0.68,12.88,0.73
2024-06-30 20:16:38.931212,5,38.13,29.23,0.49,1.12
2024-06-30 20:21:38.931212,9,51.18,10.68,15.53,8.92
2024-06-30 20:26:38.931212,4,5.52,1.99,7.99,1.15
2024-06-30 20:31:38.931212,9,98.52,30.02,22.73,9.03
2024-06-30 20:36:38.931212,9,23.54,15.49,11.61,7.29
2024-06-30 20:41:38.931212,3,85.95,28.3,28.21,8.48
2024-06-30 20:46:38.931212,2,11.81,48.43,0.67,5.58
2024-06-30 20:51:38.931212,2,60.44,26.33,29.39,8.28
2024-06-30 20:56:38.931212,10,75.88,19.27,18.07,2.25
2024-06-30 21:01:38.931212,8,67.07,3.48,15.75,8.82
2024-06-30 21:06:38.931212,9,88.3,37.01,18.66,9.12
2024-06-30 21:11:38.931212,3,14.94,47.25,14.36,8.39
2024-06-30 21:16:38.931212,3,72.6,7.7,11.75,7.92
2024-06-30 21:21:38.931212,9,11.48,47.61,6.61,7.24
2024-06-30 21:26:38.931212,9,75.21,38.46,25.82,9.46
2024-06-30 21:31:38.931212,7,85.06,34.52,12.45,0.29
2024-06-30 21:36:38.931212,10,56.06,28.19,1.23,3.79
2024-06-30 21:41:38.931212,3,17.61,21.43,18.83,3.93
2024-06-30 21:46:38.931212,2,93.16,32.4,14.91,3.35
2024-06-30 21:51:38.931212,6,66.27,21.09,12.16,6.63
2024-06-30 21:56:38.931212,2,59.75,36.79,7.55,8.64
2024-06-30 22:01:38.931212,5,14.34,15.64,21.46,4.57
2024-06-30 22:06:38.931212,1,74.41,16.3,29.92,1.48
2024-06-30 22:11:38.931212,9,18.34,5.92,28.22,5.05
2024-06-30 22:16:38.931212,10,19.13,29.07,18.31,4.46
2024-06-30 22:21:38.931212,3,75.3,39.0,10.87,2.21
2024-06-30 22:26:38.931212,8,14.03,22.59,0.14,5.76
2024-06-30 22:31:38.931212,1,95.29,46.53,19.22,2.96
2024-06-30 22:36:38.931212,7,89.03,13.49,6.71,5.72
2024-06-30 22:41:38.931212,4,10.85,33.64,25.37,4.74
2024-06-30 22:46:38.931212,6,56.44,24.37,21.33,8.14
2024-06-30 22:51:38.931212,4,80.85,33.74,3.85,1.04
2024-06-30 22:56:38.931212,3,15.68,2.26,22.83,0.63
2024-06-30 23:01:38.931212,3,99.41,43.47,6.08,7.59
2024-06-30 23:06:38.931212,4,65.18,15.06,25.4,6.73
2024-06-30 23:11:38.931212,7,4.51,16.97,12.11,3.33
2024-06-30 23:16:38.931212,7,37.23,48.15,3.45,7.54
2024-06-30 23:21:38.931212,4,86.11,3.01,2.2,0.16
2024-06-30 23:26:38.931212,4,28.1,45.1,29.76,9.13
2024-06-30 23:31:38.931212,3,3.11,0.46,20.86,2.34
2024-06-30 23:36:38.931212,8,63.94,34.52,27.44,0.72
2024-06-30 23:41:38.931212,3,25.7,7.97,22.0,2.5
2024-06-30 23:46:38.931212,7,34.47,6.75,15.35,5.48
2024-06-30 23:51:38.931212,2,53.65,16.76,14.82,9.17
2024-06-30 23:56:38.931212,1,84.08,37.08,25.11,6.17
2024-07-01 00:01:38.931212,7,35.79,28.03,9.55,7.8
2024-07-01 00:06:38.931212,2,27.64,9.29,6.25,5.11
2024-07-01 00:11:38.931212,4,3.61,18.51,2.7,9.64
2024-07-01 00:16:38.931212,10,13.01,29.96,23.18,7.11
2024-07-01 00:21:38.931212,2,18.11,37.4,6.17,2.36
2024-07-01 00:26:38.931212,5,19.42,14.36,19.02,0.74
2024-07-01 00:31:38.931212,7,28.94,3.58,1.25,5.6
2024-07-01 00:36:38.931212,3,2.03,23.53,14.53,4.14
2024-07-01 00:41:38.931212,1,28.65,24.25,19.59,5.46
2024-07-01 00:46:38.931212,2,64.26,13.55,1.66,2.58
2024-07-01 00:51:38.931212,7,60.2,12.38,23.47,8.06
2024-07-01 00:56:38.931212,10,90.28,16.13,1.72,8.45
2024-07-01 01:01:38.931212,4,31.11,7.66,14.17,0.82
2024-07-01 01:06:38.931212,7,34.64,42.04,24.98,8.56
2024-07-01 01:11:38.931212,2,60.3,40.4,29.78,8.82
2024-07-01 01:16:38.931212,4,1.25,38.83,14.4,1.91
2024-07-01 01:21:38.931212,3,35.01,48.44,15.48,1.47
2024-07-01 01:26:38.931212,10,67.65,29.45,5.37,8.14
2024-07-01 01:31:38.931212,3,99.22,20.09,15.43,9.72
2024-07-01 01:36:38.931212,1,57.94,47.29,13.92,4.34
2024-07-01 01:41:38.931212,4,66.32,49.06,27.56,5.18
2024-07-01 01:46:38.931212,8,77.85,5.89,21.5,4.38
2024-07-01 01:51:38.931212,4,2.94,32.66,2.53,2.51
2024-07-01 01:56:38.931212,10,44.27,6.62,22.62,1.17
2024-07-01 02:01:38.931212,4,52.51,4.05,23.43,5.33
2024-07-01 02:06:38.931212,1,80.13,33.99,9.54,1.34
2024-07-01 02:11:38.931212,10,7.82,41.36,20.77,6.84
2024-07-01 02:16:38.931212,3,68.74,25.83,12.63,4.87
2024-07-01 02:21:38.931212,10,47.66,38.61,7.82,0.94
2024-07-01 02:26:38.931212,10,81.36,8.7,14.89,1.21
2024-07-01 02:31:38.931212,2,86.89,37.26,22.16,4.18
2024-07-01 02:36:38.931212,10,20.92,40.15,6.28,9.16
2024-07-01 02:41:38.931212,2,28.13,36.91,14.21,9.23
2024-07-01 02:46:38.931212,3,92.08,1.38,5.81,9.12
2024-07-01 02:51:38.931212,2,93.01,28.64,5.2,3.47
2024-07-01 02:56:38.931212,6,94.31,22.55,17.35,7.91
2024-07-01 03:01:38.931212,4,77.28,29.41,26.71,3.46
2024-07-01 03:06:38.931212,2,93.03,46.67,11.3,1.03
2024-07-01 03:11:38.931212,6,59.03,8.79,28.44,1.39
2024-07-01 03:16:38.931212,7,23.22,9.06,24.79,4.4
2024-07-01 03:21:38.931212,3,88.7,34.78,17.24,5.32
2024-07-01 03:26:38.931212,2,42.76,23.64,15.04,9.46
2024-07-01 03:31:38.931212,9,58.76,43.57,17.99,9.98
2024-07-01 03:36:38.931212,3,44.39,39.17,24.46,2.94
2024-07-01 03:41:38.931212,4,84.14,26.62,29.33,9.89
2024-07-01 03:46:38.931212,6,55.21,20.62,8.58,1.78
2024-07-01 03:51:38.931212,6,44.33,6.64,2.74,2.09
2024-07-01 03:56:38.931212,8,34.51,44.29,18.44,1.2
2024-07-01 04:01:38.931212,4,75.48,36.43,7.26,7.37
2024-07-01 04:06:38.931212,4,8.85,5.49,5.56,8.69
2024-07-01 04:11:38.931212,6,2.29,46.81,8.13,4.95
2024-07-01 04:16:38.931212,6,35.34,14.66,21.56,3.85
2024-07-01 04:21:38.931212,2,19.06,5.76,18.02,5.33
2024-07-01 04:26:38.931212,6,78.52,22.27,14.81,3.0
2024-07-01 04:31:38.931212,3,34.59,27.17,15.58,9.93
2024-07-01 04:36:38.931212,7,32.86,24.4,16.15,2.5
2024-07-01 04:41:38.931212,6,44.71,41.78,3.61,6.72
2024-07-01 04:46:38.931212,1,28.63,3.99,6.26,2.48
2024-07-01 04:51:38.931212,10,51.97,5.81,1.68,2.62
2024-07-01 04:56:38.931212,10,91.89,1.13,21.99,7.12
2024-07-01 05:01:38.931212,2,7.19,34.72,13.98,8.65
2024-07-01 05:06:38.931212,5,12.46,5.95,25.66,8.04
2024-07-01 05:11:38.931212,6,52.27,19.89,0.33,0.02
2024-07-01 05:16:38.931212,9,45.57,33.26,19.59,6.06
2024-07-01 05:21:38.931212,4,81.0,22.35,1.61,2.3
2024-07-01 05:26:38.931212,9,44.73,21.65,17.03,6.69
2024-07-01 05:31:38.931212,4,13.41,9.69,18.72,5.49
2024-07-01 05:36:38.931212,1,20.79,49.12,20.34,3.51
2024-07-01 05:41:38.931212,1,20.29,41.17,27.7,3.0
2024-07-01 05:46:38.931212,8,43.84,43.02,8.78,9.99
2024-07-01 05:51:38.931212,4,12.5,8.84,29.71,0.94
2024-07-01 05:56:38.931212,1,66.02,42.19,9.81,7.33
2024-07-01 06:01:38.931212,7,49.73,25.98,7.79,8.7
2024-07-01 06:06:38.931212,8,5.87,14.42,25.86,4.92
2024-07-01 06:11:38.931212,6,8.21,31.63,14.54,0.44
2024-07-01 06:16:38.931212,4,58.12,43.47,17.72,6.32
2024-07-01 06:21:38.931212,6,66.13,1.0,3.41,7.86
2024-07-01 06:26:38.931212,5,54.02,28.8,17.61,4.05
2024-07-01 06:31:38.931212,3,69.94,22.05,12.71,3.82
2024-07-01 06:36:38.931212,9,1.04,36.8,19.76,1.85
2024-07-01 06:41:38.931212,5,33.44,32.67,29.68,0.54
2024-07-01 06:46:38.931212,9,38.88,7.2,11.77,6.46
2024-07-01 06:51:38.931212,7,52.94,22.64,12.17,1.72
2024-07-01 06:56:38.931212,10,46.11,33.0,22.59,4.67
2024-07-01 07:01:38.931212,3,85.56,30.03,10.43,6.34
2024-07-01 07:06:38.931212,7,35.3,1.68,14.61,7.59
2024-07-01 07:11:38.931212,6,6.53,17.7,18.02,0.11
2024-07-01 07:16:38.931212,3,67.76,17.84,14.31,0.15
2024-07-01 07:21:38.931212,4,57.53,15.28,19.93,8.52
2024-07-01 07:26:38.931212,7,33.48,36.67,24.55,1.46
2024-07-01 07:31:38.931212,2,72.02,40.9,1.35,5.6
2024-07-01 07:36:38.931212,10,76.18,32.23,3.74,3.5
2024-07-01 07:41:38.931212,9,2.36,18.76,10.48,8.06
2024-07-01 07:46:38.931212,3,98.02,28.01,11.44,3.29
2024-07-01 07:51:38.931212,4,41.63,11.16,25.7,4.52
2024-07-01 07:56:38.931212,1,63.15,34.45,27.77,8.85
2024-07-01 08:01:38.931212,6,99.35,28.45,1.29,1.47
2024-07-01 08:06:38.931212,5,87.28,37.39,25.72,3.99
2024-07-01 08:11:38.931212,2,64.36,20.64,13.14,1.71
2024-07-01 08:16:38.931212,3,37.24,22.19,16.43,0.24
2024-07-01 08:21:38.931212,8,39.28,32.82,21.49,6.07
2024-07-01 08:26:38.931212,4,58.02,27.18,28.28,3.14
2024-07-01 08:31:38.931212,5,22.39,28.58,0.99,2.98
2024-07-01 08:36:38.931212,7,83.0,9.87,20.26,4.24
2024-07-01 08:41:38.931212,10,4.13,12.74,19.65,4.78
2024-07-01 08:46:38.931212,9,16.57,44.81,12.79,7.53
2024-07-01 08:51:38.931212,7,73.25,5.1,24.27,6.02
2024-07-01 08:56:38.931212,9,3.08,40.8,2.82,3.68
2024-07-01 09:01:38.931212,10,54.94,45.69,8.28,5.84
2024-07-01 09:06:38.931212,7,12.87,8.95,13.78,1.13
2024-07-01 09:11:38.931212,7,52.28,35.01,10.67,7.3
2024-07-01 09:16:38.931212,8,38.1,31.92,16.2,6.66
2024-07-01 09:21:38.931212,9,17.12,9.01,9.56,7.93
2024-07-01 09:26:38.931212,9,20.97,45.97,22.33,1.77
2024-07-01 09:31:38.931212,5,96.34,24.72,12.72,9.29
2024-07-01 09:36:38.931212,3,20.55,12.2,6.84,8.11
2024-07-01 09:41:38.931212,3,42.2,19.78,26.9,4.64
2024-07-01 09:46:38.931212,9,20.47,26.97,11.77,1.55
2024-07-01 09:51:38.931212,10,87.65,49.64,8.37,4.26
2024-07-01 09:56:38.931212,5,9.91,13.66,4.28,4.63
2024-07-01 10:01:38.931212,9,98.96,12.9,1.86,0.17
2024-07-01 10:06:38.931212,7,46.71,11.02,23.45,4.53
2024-07-01 10:11:38.931212,1,28.05,41.03,5.07,8.73
2024-07-01 10:16:38.931212,8,88.55,9.68,1.95,1.52
2024-07-01 10:21:38.931212,6,76.76,25.1,1.09,8.14
2024-07-01 10:26:38.931212,1,65.47,6.5,26.17,1.28
2024-07-01 10:31:38.931212,10,78.78,41.79,6.36,0.28
2024-07-01 10:36:38.931212,10,49.69,15.79,22.84,9.86
2024-07-01 10:41:38.931212,9,52.91,44.55,0.44,0.14
2024-07-01 10:46:38.931212,2,77.36,1.21,2.97,3.29
2024-07-01 10:51:38.931212,10,35.45,14.09,0.86,1.76
2024-07-01 10:56:38.931212,4,71.93,17.3,29.12,1.53
2024-07-01 11:01:38.931212,4,84.51,0.87,17.2,9.65
2024-07-01 11:06:38.931212,4,46.55,41.96,7.92,1.18
2024-07-01 11:11:38.931212,9,59.44,12.48,6.22,7.56
2024-07-01 11:16:38.931212,10,66.76,0.85,20.18,4.3
2024-07-01 11:21:38.931212,5,26.38,27.53,24.66,8.31
2024-07-01 11:26:38.931212,10,41.15,44.62,20.93,3.94
2024-07-01 11:31:38.931212,5,46.82,17.84,28.24,1.49
2024-07-01 11:36:38.931212,6,79.45,28.78,20.35,1.1
2024-07-01 11:41:38.931212,5,50.48,39.92,8.81,4.39
2024-07-01 11:46:38.931212,3,35.75,2.39,22.85,5.04
2024-07-01 11:51:38.931212,7,45.6,20.36,0.83,4.35
2024-07-01 11:56:38.931212,10,55.8,1.7,17.73,5.53
2024-07-01 12:01:38.931212,2,3.55,28.92,5.5,4.85
2024-07-01 12:06:38.931212,5,27.81,45.18,17.69,9.18
2024-07-01 12:11:38.931212,5,82.82,3.14,29.71,3.31
2024-07-01 12:16:38.931212,7,57.84,40.91,23.35,8.57
2024-07-01 12:21:38.931212,10,78.51,5.38,13.46,4.07
2024-07-01 12:26:38.931212,1,15.45,39.54,5.64,3.03
2024-07-01 12:31:38.931212,1,90.9,14.11,1.51,8.05
2024-07-01 12:36:38.931212,7,39.26,31.01,12.73,7.21
2024-07-01 12:41:38.931212,6,83.05,26.0,5.13,8.91
2024-07-01 12:46:38.931212,3,70.86,0.9,16.03,6.44
2024-07-01 12:51:38.931212,9,59.75,4.05,0.94,9.43
2024-07-01 12:56:38.931212,2,57.96,40.53,17.59,0.02
2024-07-01 13:01:38.931212,3,24.35,28.98,6.65,1.22
2024-07-01 13:06:38.931212,9,65.84,10.23,10.38,6.01
2024-07-01 13:11:38.931212,2,72.07,9.44,2.28,5.84
2024-07-01 13:16:38.931212,7,21.41,30.42,17.1,3.56
2024-07-01 13:21:38.931212,8,89.48,44.39,26.72,8.18
2024-07-01 13:26:38.931212,10,76.74,5.43,0.64,5.95
2024-07-01 13:31:38.931212,4,89.16,19.99,4.58,4.69
2024-07-01 13:36:38.931212,2,44.57,31.72,6.01,3.78
2024-07-01 13:41:38.931212,4,63.71,17.33,2.85,2.72
2024-07-01 13:46:38.931212,7,46.13,10.95,17.2,7.04
2024-07-01 13:51:38.931212,9,29.12,15.22,21.85,1.19
2024-07-01 13:56:38.931212,7,92.93,13.55,21.15,1.7
2024-07-01 14:01:38.931212,8,18.58,5.72,0.14,0.75
2024-07-01 14:06:38.931212,5,87.42,42.89,22.48,1.47
2024-07-01 14:11:38.931212,5,87.12,5.36,7.81,6.58
2024-07-01 14:16:38.931212,7,38.26,20.82,24.13,5.07
2024-07-01 14:21:38.931212,5,25.16,11.51,26.27,2.33
2024-07-01 14:26:38.931212,7,11.9,4.68,15.25,0.25
2024-07-01 14:31:38.931212,9,56.63,36.38,4.87,8.86
2024-07-01 14:36:38.931212,1,99.31,22.07,19.38,5.59
2024-07-01 14:41:38.931212,4,31.64,29.8,5.97,8.39
2024-07-01 14:46:38.931212,2,5.15,37.54,25.37,0.68
2024-07-01 14:51:38.931212,7,30.23,32.13,2.37,5.09
2024-07-01 14:56:38.931212,1,28.94,40.21,24.76,0.46
2024-07-01 15:01:38.931212,5,9.77,41.35,11.13,7.84
2024-07-01 15:06:38.931212,2,78.95,45.97,0.14,0.28
2024-07-01 15:11:38.931212,10,26.12,48.82,7.34,1.45
2024-07-01 15:16:38.931212,7,8.21,19.58,21.12,6.02
2024-07-01 15:21:38.931212,8,43.94,31.05,7.52,8.3
2024-07-01 15:26:38.931212,8,83.39,9.7,25.67,8.45
2024-07-01 15:31:38.931212,4,0.15,15.54,28.35,8.65
2024-07-01 15:36:38.931212,10,79.08,46.46,13.08,1.73
2024-07-01 15:41:38.931212,3,6.2,18.59,23.9,8.47
2024-07-01 15:46:38.931212,2,22.9,12.92,13.02,5.36
2024-07-01 15:51:38.931212,3,72.61,23.53,8.77,3.93
2024-07-01 15:56:38.931212,10,8.54,17.35,19.79,5.92
2024-07-01 16:01:38.931212,2,39.98,31.01,20.3,9.82
2024-07-01 16:06:38.931212,5,14.26,16.85,3.06,7.39
2024-07-01 16:11:38.931212,5,20.7,9.62,18.9,7.7
2024-07-01 16:16:38.931212,4,99.33,14.93,27.03,5.88
2024-07-01 16:21:38.931212,5,25.58,29.94,16.45,5.28
2024-07-01 16:26:38.931212,6,63.75,21.65,9.93,8.51
2024-07-01 16:31:38.931212,9,99.63,28.74,29.75,6.19
2024-07-01 16:36:38.931212,3,77.83,46.45,7.35,9.08
2024-07-01 16:41:38.931212,6,11.79,28.08,27.59,9.82
2024-07-01 16:46:38.931212,9,37.92,6.71,12.1,9.0
2024-07-01 16:51:38.931212,6,1.42,29.6,17.33,8.83
2024-07-01 16:56:38.931212,3,98.05,49.79,13.42,8.11
2024-07-01 17:01:38.931212,4,52.36,15.03,28.86,7.56
2024-07-01 17:06:38.931212,10,98.03,20.88,5.54,5.06
2024-07-01 17:11:38.931212,2,42.23,15.76,2.29,5.87
2024-07-01 17:16:38.931212,1,95.06,12.04,12.65,8.09
2024-07-01 17:21:38.931212,8,51.5,14.74,21.26,4.48
2024-07-01 17:26:38.931212,7,16.6,37.19,7.75,4.22
2024-07-01 17:31:38.931212,1,39.39,33.31,25.27,9.9
2024-07-01 17:36:38.931212,8,19.11,17.41,9.01,7.97
2024-07-01 17:41:38.931212,8,64.54,7.59,6.51,8.78
2024-07-01 17:46:38.931212,4,85.49,18.56,19.99,0.53
2024-07-01 17:51:38.931212,2,0.98,24.15,13.73,4.79
2024-07-01 17:56:38.931212,8,71.4,15.37,16.26,4.71
2024-07-01 18:01:38.931212,2,82.65,22.24,8.03,6.62
2024-07-01 18:06:38.931212,5,67.41,6.85,13.97,5.63
2024-07-01 18:11:38.931212,5,21.1,18.73,5.08,0.99
2024-07-01 18:16:38.931212,7,77.77,17.15,11.15,3.93
2024-07-01 18:21:38.931212,8,60.65,12.97,21.48,6.74
2024-07-01 18:26:38.931212,1,40.11,21.9,14.89,0.52
2024-07-01 18:31:38.931212,5,97.47,39.72,2.59,0.94
2024-07-01 18:36:38.931212,9,97.36,1.62,6.87,4.1
2024-07-01 18:41:38.931212,9,47.93,27.19,27.94,1.94
2024-07-01 18:46:38.931212,9,80.64,8.3,14.41,3.87
2024-07-01 18:51:38.931212,10,8.9,38.64,20.67,0.84
2024-07-01 18:56:38.931212,3,23.2,31.35,1.6,7.66
2024-07-01 19:01:38.931212,3,50.77,10.74,0.46,4.72
2024-07-01 19:06:38.931212,5,35.91,4.1,28.74,9.76
2024-07-01 19:11:38.931212,6,24.08,11.09,2.24,9.96
2024-07-01 19:16:38.931212,7,47.06,6.22,29.7,7.15
2024-07-01 19:21:38.931212,1,14.53,17.38,13.61,1.74
2024-07-01 19:26:38.931212,2,84.75,7.69,22.67,4.25
2024-07-01 19:31:38.931212,4,30.38,32.02,29.09,4.71
2024-07-01 19:36:38.931212,8,92.2,6.85,20.99,3.53
2024-07-01 19:41:38.931212,3,16.59,0.1,23.73,2.59
2024-07-01 19:46:38.931212,1,89.08,45.59,13.96,7.71
2024-07-01 19:51:38.931212,6,65.41,49.87,7.49,9.4
2024-07-01 19:56:38.931212,8,31.36,25.82,9.52,9.08
2024-07-01 20:01:38.931212,8,82.3,25.81,2.91,3.14
2024-07-01 20:06:38.931212,10,2.64,37.21,13.35,5.93
2024-07-01 20:11:38.931212,8,92.46,40.49,14.49,6.69
2024-07-01 20:16:38.931212,2,56.28,9.31,18.96,1.47
2024-07-01 20:21:38.931212,5,45.73,44.53,0.33,2.33
2024-07-01 20:26:38.931212,6,85.39,28.35,24.31,4.6
2024-07-01 20:31:38.931212,3,32.37,14.59,15.31,3.09
2024-07-01 20:36:38.931212,3,36.19,34.89,1.39,2.01
2024-07-01 20:41:38.931212,2,76.49,43.81,24.45,8.81
2024-07-01 20:46:38.931212,8,60.9,48.08,3.53,4.25
2024-07-01 20:51:38.931212,10,11.46,10.27,28.6,4.18
2024-07-01 20:56:38.931212,3,78.34,1.88,1.38,6.79
2024-07-01 21:01:38.931212,9,87.19,26.73,4.75,6.83
2024-07-01 21:06:38.931212,2,42.4,9.09,29.9,3.08
2024-07-01 21:11:38.931212,4,41.47,4.01,20.68,6.32
2024-07-01 21:16:38.931212,2,52.28,41.48,6.37,3.14
2024-07-01 21:21:38.931212,1,72.63,47.03,5.1,8.46
2024-07-01 21:26:38.931212,3,48.98,37.51,13.73,3.52
2024-07-01 21:31:38.931212,4,80.05,25.31,0.69,5.33
2024-07-01 21:36:38.931212,9,18.76,31.21,24.61,1.29
2024-07-01 21:41:38.931212,10,31.84,25.74,27.73,9.57
2024-07-01 21:46:38.931212,1,65.56,32.52,16.23,1.52
2024-07-01 21:51:38.931212,6,54.87,20.11,28.07,7.5
2024-07-01 21:56:38.931212,6,83.04,40.12,13.06,4.08
2024-07-01 22:01:38.931212,6,14.9,28.12,18.47,1.3
2024-07-01 22:06:38.931212,10,62.17,11.37,28.37,7.65
2024-07-01 22:11:38.931212,5,65.8,11.12,15.27,9.52
2024-07-01 22:16:38.931212,7,97.05,34.59,12.87,4.17
2024-07-01 22:21:38.931212,4,72.47,25.7,13.13,7.47
2024-07-01 22:26:38.931212,9,22.82,39.21,12.63,3.11
2024-07-01 22:31:38.931212,6,27.11,42.18,4.28,8.39
2024-07-01 22:36:38.931212,7,37.35,22.82,9.64,2.43
2024-07-01 22:41:38.931212,6,6.1,48.26,2.34,1.1
2024-07-01 22:46:38.931212,2,10.3,19.04,3.13,3.9
2024-07-01 22:51:38.931212,6,18.02,8.21,16.83,3.66
2024-07-01 22:56:38.931212,7,30.65,9.48,5.45,0.91
2024-07-01 23:01:38.931212,4,24.43,30.4,5.25,8.86
2024-07-01 23:06:38.931212,3,52.12,36.26,14.74,0.37
2024-07-01 23:11:38.931212,1,17.89,12.78,1.18,9.04
2024-07-01 23:16:38.931212,6,53.53,11.32,22.1,7.98
2024-07-01 23:21:38.931212,1,9.7,9.71,23.2,3.28
2024-07-01 23:26:38.931212,10,33.56,1.41,24.78,5.38
2024-07-01 23:31:38.931212,8,48.42,1.23,18.13,9.21
2024-07-01 23:36:38.931212,9,23.29,29.76,10.41,4.9
2024-07-01 23:41:38.931212,7,84.65,0.43,9.6,0.25
2024-07-01 23:46:38.931212,10,24.6,47.82,12.49,9.07
2024-07-01 23:51:38.931212,1,31.79,0.66,3.2,7.79
2024-07-01 23:56:38.931212,7,17.11,46.87,27.22,7.7
2024-07-02 00:01:38.931212,5,64.93,22.14,6.1,5.51
2024-07-02 00:06:38.931212,7,25.95,11.11,1.2,5.09
2024-07-02 00:11:38.931212,9,42.76,33.28,24.57,8.12
2024-07-02 00:16:38.931212,5,48.54,0.31,11.42,1.49
2024-07-02 00:21:38.931212,1,12.82,41.47,13.16,8.27
2024-07-02 00:26:38.931212,6,74.53,1.13,4.99,3.17
2024-07-02 00:31:38.931212,4,40.18,19.76,11.2,1.93
2024-07-02 00:36:38.931212,7,9.27,6.05,10.39,9.79
2024-07-02 00:41:38.931212,6,58.86,13.29,1.74,8.43
2024-07-02 00:46:38.931212,10,86.79,44.91,4.4,1.47
2024-07-02 00:51:38.931212,3,73.95,25.25,19.9,4.98
2024-07-02 00:56:38.931212,10,24.46,25.48,22.57,7.69
2024-07-02 01:01:38.931212,10,16.9,2.19,6.35,0.11
2024-07-02 01:06:38.931212,8,81.74,16.77,6.87,0.51
2024-07-02 01:11:38.931212,3,81.62,8.64,9.49,8.1
2024-07-02 01:16:38.931212,1,64.53,45.14,21.22,3.64
2024-07-02 01:21:38.931212,6,31.09,43.46,7.05,3.7
2024-07-02 01:26:38.931212,10,74.63,42.95,8.98,3.67
2024-07-02 01:31:38.931212,5,78.6,35.55,19.63,2.03
2024-07-02 01:36:38.931212,7,82.48,13.47,12.58,8.37
2024-07-02 01:41:38.931212,9,59.07,1.81,27.0,9.91
2024-07-02 01:46:38.931212,9,51.02,29.27,11.82,6.05
2024-07-02 01:51:38.931212,5,93.94,1.87,2.52,2.51
2024-07-02 01:56:38.931212,2,51.37,37.7,10.78,1.19
2024-07-02 02:01:38.931212,9,62.42,37.84,20.49,9.68
2024-07-02 02:06:38.931212,7,9.72,38.46,22.95,7.06
2024-07-02 02:11:38.931212,3,10.22,9.59,18.14,9.1
2024-07-02 02:16:38.931212,8,87.38,33.57,24.99,6.11
2024-07-02 02:21:38.931212,7,61.72,16.4,18.96,3.41
2024-07-02 02:26:38.931212,7,98.64,40.62,28.4,0.19
2024-07-02 02:31:38.931212,8,23.77,7.28,3.38,7.35
2024-07-02 02:36:38.931212,10,11.18,47.71,0.12,3.79
2024-07-02 02:41:38.931212,1,13.88,9.71,19.75,8.02
2024-07-02 02:46:38.931212,7,12.31,10.64,9.46,8.78
2024-07-02 02:51:38.931212,8,85.56,24.46,20.86,7.48
2024-07-02 02:56:38.931212,10,64.34,9.87,9.11,0.53
2024-07-02 03:01:38.931212,5,41.52,16.01,27.74,1.13
2024-07-02 03:06:38.931212,5,81.14,4.84,12.82,6.09
2024-07-02 03:11:38.931212,4,75.34,34.34,15.85,7.45
2024-07-02 03:16:38.931212,2,82.61,36.52,29.34,3.37
2024-07-02 03:21:38.931212,10,46.68,5.63,9.28,2.05
2024-07-02 03:26:38.931212,3,14.9,6.09,17.41,9.89
2024-07-02 03:31:38.931212,8,40.69,32.16,21.16,7.78
2024-07-02 03:36:38.931212,8,82.71,48.93,5.2,9.97
2024-07-02 03:41:38.931212,8,78.42,18.3,12.88,3.44
2024-07-02 03:46:38.931212,1,70.65,12.77,22.4,4.67
2024-07-02 03:51:38.931212,6,14.07,36.63,9.64,1.09
2024-07-02 03:56:38.931212,3,17.87,12.38,23.63,2.43
2024-07-02 04:01:38.931212,3,4.32,43.81,14.27,5.08
2024-07-02 04:06:38.931212,7,99.44,2.72,12.01,4.71
2024-07-02 04:11:38.931212,5,28.1,28.17,8.39,1.03
2024-07-02 04:16:38.931212,1,42.25,6.58,21.73,7.04
2024-07-02 04:21:38.931212,10,26.61,47.47,15.58,5.91
2024-07-02 04:26:38.931212,10,80.07,48.87,15.42,1.54
2024-07-02 04:31:38.931212,10,15.44,0.7,4.0,1.58
2024-07-02 04:36:38.931212,3,66.35,21.47,11.98,8.42
2024-07-02 04:41:38.931212,2,95.66,1.82,9.5,5.03
2024-07-02 04:46:38.931212,1,82.62,30.15,24.71,1.92
2024-07-02 04:51:38.931212,7,37.03,31.42,25.85,5.09
2024-07-02 04:56:38.931212,1,11.09,48.91,23.08,1.92
2024-07-02 05:01:38.931212,7,25.72,33.75,10.11,6.71
2024-07-02 05:06:38.931212,6,26.0,28.08,9.54,6.81
2024-07-02 05:11:38.931212,2,60.83,21.5,3.88,4.23
2024-07-02 05:16:38.931212,8,14.28,34.73,16.34,8.83
2024-07-02 05:21:38.931212,4,29.03,16.64,11.55,1.14
2024-07-02 05:26:38.931212,4,57.03,34.78,0.39,6.45
2024-07-02 05:31:38.931212,6,36.47,47.54,9.71,7.27
2024-07-02 05:36:38.931212,3,95.45,45.98,16.52,5.17
2024-07-02 05:41:38.931212,4,9.14,22.76,4.93,2.75
2024-07-02 05:46:38.931212,6,0.57,14.79,25.1,1.1
2024-07-02 05:51:38.931212,8,25.67,49.69,18.65,3.42
2024-07-02 05:56:38.931212,6,45.14,34.1,23.47,1.3
2024-07-02 06:01:38.931212,3,53.23,48.42,25.25,6.6
2024-07-02 06:06:38.931212,6,60.2,22.91,10.38,7.42
2024-07-02 06:11:38.931212,2,78.05,32.72,15.79,3.01
2024-07-02 06:16:38.931212,6,82.16,22.49,26.32,0.84
2024-07-02 06:21:38.931212,3,0.19,42.15,27.84,2.87
2024-07-02 06:26:38.931212,2,5.61,5.47,29.57,5.58
2024-07-02 06:31:38.931212,7,69.29,5.31,28.93,5.73
2024-07-02 06:36:38.931212,6,19.96,37.87,29.86,6.79
2024-07-02 06:41:38.931212,8,48.89,10.69,16.51,7.65
2024-07-02 06:46:38.931212,7,44.15,10.67,28.33,9.01
2024-07-02 06:51:38.931212,7,80.81,6.38,7.78,6.12
2024-07-02 06:56:38.931212,5,20.79,19.98,23.29,5.7
2024-07-02 07:01:38.931212,2,68.53,8.64,26.67,3.58
2024-07-02 07:06:38.931212,6,91.5,44.39,24.55,9.85
2024-07-02 07:11:38.931212,5,86.35,28.8,29.32,1.18
2024-07-02 07:16:38.931212,8,24.22,19.78,24.69,4.68
2024-07-02 07:21:38.931212,5,77.36,0.05,10.76,5.05
2024-07-02 07:26:38.931212,2,56.99,25.71,12.67,2.45
2024-07-02 07:31:38.931212,4,84.16,5.34,3.04,9.4
2024-07-02 07:36:38.931212,7,84.51,49.42,12.35,9.29
2024-07-02 07:41:38.931212,5,24.27,11.46,19.23,5.38
2024-07-02 07:46:38.931212,7,93.16,48.63,4.65,2.77
2024-07-02 07:51:38.931212,8,42.85,27.7,24.83,7.27
2024-07-02 07:56:38.931212,4,45.98,15.72,18.52,3.49
2024-07-02 08:01:38.931212,6,42.26,19.99,8.0,6.75
2024-07-02 08:06:38.931212,8,18.83,30.53,5.8,9.76
2024-07-02 08:11:38.931212,6,90.96,22.86,12.11,4.77
2024-07-02 08:16:38.931212,8,21.48,1.14,10.79,4.94
2024-07-02 08:21:38.931212,8,71.78,2.8,29.91,8.24
2024-07-02 08:26:38.931212,5,83.08,22.04,19.95,3.98
2024-07-02 08:31:38.931212,9,89.76,23.44,9.09,4.19
2024-07-02 08:36:38.931212,7,46.93,37.85,13.05,9.04
2024-07-02 08:41:38.931212,8,91.99,15.61,15.24,2.08
2024-07-02 08:46:38.931212,2,97.0,8.7,1.17,9.27
2024-07-02 08:51:38.931212,2,65.96,10.78,2.21,3.99
2024-07-02 08:56:38.931212,2,35.05,43.07,21.23,6.11
2024-07-02 09:01:38.931212,8,13.67,44.7,24.68,8.23
2024-07-02 09:06:38.931212,4,38.48,21.18,3.96,1.91
2024-07-02 09:11:38.931212,9,32.06,5.77,19.75,3.1
2024-07-02 09:16:38.931212,7,8.4,48.5,9.23,3.16
2024-07-02 09:21:38.931212,6,14.66,15.8,1.87,3.87
2024-07-02 09:26:38.931212,6,77.22,2.75,22.2,0.14
2024-07-02 09:31:38.931212,6,11.49,7.17,27.01,6.13
2024-07-02 09:36:38.931212,9,71.31,25.82,22.01,2.37
2024-07-02 09:41:38.931212,10,17.38,4.28,21.15,7.11
2024-07-02 09:46:38.931212,7,5.93,6.55,18.29,0.61
2024-07-02 09:51:38.931212,9,7.28,44.0,15.37,9.58
2024-07-02 09:56:38.931212,1,17.51,16.49,12.02,6.15
2024-07-02 10:01:38.931212,3,58.85,40.55,1.97,8.07
2024-07-02 10:06:38.931212,9,1.21,19.12,17.55,0.04
2024-07-02 10:11:38.931212,2,92.77,48.27,16.77,7.24
2024-07-02 10:16:38.931212,7,88.9,14.15,12.24,7.13
2024-07-02 10:21:38.931212,6,75.19,46.39,21.71,5.15
2024-07-02 10:26:38.931212,3,13.76,0.88,29.65,5.46
2024-07-02 10:31:38.931212,3,51.6,15.28,9.66,2.2
2024-07-02 10:36:38.931212,4,31.59,0.64,23.08,9.12
2024-07-02 10:41:38.931212,10,89.63,8.57,13.86,0.74
2024-07-02 10:46:38.931212,2,40.91,32.52,12.77,9.58
2024-07-02 10:51:38.931212,3,10.91,27.04,17.19,4.28
2024-07-02 10:56:38.931212,10,40.44,6.1,25.05,7.1
2024-07-02 11:01:38.931212,10,40.14,12.99,0.86,8.23
2024-07-02 11:06:38.931212,1,69.36,31.01,16.95,4.11
2024-07-02 11:11:38.931212,4,56.06,17.94,7.39,7.07
2024-07-02 11:16:38.931212,7,39.22,26.03,9.45,6.91
2024-07-02 11:21:38.931212,2,27.24,45.25,21.5,2.29
2024-07-02 11:26:38.931212,7,53.91,21.13,11.75,4.37
2024-07-02 11:31:38.931212,3,38.47,27.34,12.88,3.67
2024-07-02 11:36:38.931212,3,48.94,25.04,6.09,8.23
2024-07-02 11:41:38.931212,4,84.18,45.0,2.37,9.39
2024-07-02 11:46:38.931212,8,11.52,16.55,10.26,5.5
2024-07-02 11:51:38.931212,7,39.01,44.56,15.59,3.05
2024-07-02 11:56:38.931212,2,41.31,21.36,28.05,3.7
2024-07-02 12:01:38.931212,4,51.25,23.15,11.09,0.5
2024-07-02 12:06:38.931212,6,26.75,13.39,5.26,2.8
2024-07-02 12:11:38.931212,9,41.27,19.08,11.89,5.78
2024-07-02 12:16:38.931212,4,31.57,29.59,21.36,5.33
2024-07-02 12:21:38.931212,9,42.11,49.15,17.63,3.12
2024-07-02 12:26:38.931212,1,28.22,47.74,23.24,1.99
2024-07-02 12:31:38.931212,10,48.63,7.68,21.76,4.35
2024-07-02 12:36:38.931212,8,4.63,13.86,13.52,9.49
2024-07-02 12:41:38.931212,4,74.78,43.5,10.25,6.24
2024-07-02 12:46:38.931212,7,22.09,29.09,18.27,2.5
2024-07-02 12:51:38.931212,2,52.66,9.89,16.03,2.68
2024-07-02 12:56:38.931212,8,95.02,45.99,20.72,9.32
2024-07-02 13:01:38.931212,9,56.47,30.17,7.63,4.99
2024-07-02 13:06:38.931212,9,31.43,14.06,24.51,6.42
2024-07-02 13:11:38.931212,10,41.39,25.94,6.87,5.53
2024-07-02 13:16:38.931212,6,45.72,38.48,11.88,2.77
2024-07-02 13:21:38.931212,9,30.45,38.27,12.2,3.4
2024-07-02 13:26:38.931212,8,87.49,18.83,15.09,3.6
2024-07-02 13:31:38.931212,9,2.43,17.06,3.65,9.12
2024-07-02 13:36:38.931212,2,3.84,39.24,11.0,7.01
2024-07-02 13:41:38.931212,4,88.78,38.22,27.1,3.88
2024-07-02 13:46:38.931212,2,97.11,45.41,20.99,3.37
2024-07-02 13:51:38.931212,6,56.6,15.5,0.22,1.58
2024-07-02 13:56:38.931212,10,16.23,40.39,24.26,6.81
2024-07-02 14:01:38.931212,10,72.9,1.54,13.28,0.7
2024-07-02 14:06:38.931212,3,81.57,47.11,23.86,1.85
2024-07-02 14:11:38.931212,4,79.4,29.82,21.96,2.09
2024-07-02 14:16:38.931212,6,57.23,47.81,27.82,7.03
2024-07-02 14:21:38.931212,7,30.75,15.0,23.86,3.49
2024-07-02 14:26:38.931212,6,59.04,33.41,20.42,8.35
2024-07-02 14:31:38.931212,7,35.59,14.29,5.52,7.68
2024-07-02 14:36:38.931212,2,79.55,41.85,10.48,6.37
2024-07-02 14:41:38.931212,2,0.36,35.85,9.03,9.42
2024-07-02 14:46:38.931212,3,57.46,30.72,8.43,5.36
2024-07-02 14:51:38.931212,4,94.59,28.1,16.55,7.88
2024-07-02 14:56:38.931212,4,34.69,38.0,7.07,6.94
2024-07-02 15:01:38.931212,1,79.85,39.02,16.62,7.53
2024-07-02 15:06:38.931212,6,92.61,6.45,8.41,8.39
2024-07-02 15:11:38.931212,6,67.68,25.32,15.81,4.35
2024-07-02 15:16:38.931212,6,36.43,25.54,29.69,5.28
2024-07-02 15:21:38.931212,1,90.84,0.89,28.92,2.31
2024-07-02 15:26:38.931212,9,61.78,2.1,23.0,3.46
2024-07-02 15:31:38.931212,3,92.26,2.52,15.29,7.2
2024-07-02 15:36:38.931212,6,13.19,42.25,11.03,3.67
2024-07-02 15:41:38.931212,5,53.5,47.38,5.08,7.64
2024-07-02 15:46:38.931212,1,32.04,43.83,1.29,9.19
2024-07-02 15:51:38.931212,9,20.97,11.44,14.07,7.92
2024-07-02 15:56:38.931212,1,87.89,12.84,9.55,9.59
2024-07-02 16:01:38.931212,3,48.77,36.36,12.74,3.92
2024-07-02 16:06:38.931212,6,35.15,45.26,1.63,7.22
2024-07-02 16:11:38.931212,7,64.71,39.93,3.78,3.74
2024-07-02 16:16:38.931212,8,72.39,5.64,23.82,0.93
2024-07-02 16:21:38.931212,8,95.42,36.47,11.37,2.48
2024-07-02 16:26:38.931212,3,32.47,6.0,2.25,5.0
2024-07-02 16:31:38.931212,6,19.5,7.49,17.64,1.57
2024-07-02 16:36:38.931212,4,37.13,11.95,21.48,0.6
2024-07-02 16:41:38.931212,7,67.06,19.39,21.64,1.44
2024-07-02 16:46:38.931212,2,59.72,19.09,6.34,3.06
2024-07-02 16:51:38.931212,5,76.31,3.25,28.24,2.08
2024-07-02 16:56:38.931212,4,1.4,34.65,13.67,2.03
2024-07-02 17:01:38.931212,3,68.68,41.99,27.82,7.58
2024-07-02 17:06:38.931212,6,47.3,45.76,12.59,2.64
2024-07-02 17:11:38.931212,10,10.58,13.01,5.27,7.48
2024-07-02 17:16:38.931212,2,8.48,20.63,9.23,3.12
2024-07-02 17:21:38.931212,5,63.17,39.91,20.59,7.43
2024-07-02 17:26:38.931212,2,61.67,46.52,14.93,7.03
2024-07-02 17:31:38.931212,8,10.64,21.04,9.22,1.46
2024-07-02 17:36:38.931212,10,64.12,21.11,20.11,9.94
2024-07-02 17:41:38.931212,9,11.56,20.67,18.05,4.74
2024-07-02 17:46:38.931212,10,29.67,0.51,28.34,1.35
2024-07-02 17:51:38.931212,6,52.6,2.76,13.19,5.13
2024-07-02 17:56:38.931212,2,5.59,8.6,21.67,9.97
2024-07-02 18:01:38.931212,9,59.87,37.75,22.66,1.81
2024-07-02 18:06:38.931212,8,36.76,44.65,17.06,3.69
2024-07-02 18:11:38.931212,9,16.84,15.42,5.24,6.42
2024-07-02 18:16:38.931212,3,1.31,23.02,14.49,2.14
2024-07-02 18:21:38.931212,3,64.85,13.81,7.25,0.23
2024-07-02 18:26:38.931212,8,72.76,6.8,11.98,1.53
2024-07-02 18:31:38.931212,8,25.09,37.7,12.2,2.72
2024-07-02 18:36:38.931212,1,81.5,14.12,20.77,8.81
2024-07-02 18:41:38.931212,8,72.98,21.04,9.47,3.97
2024-07-02 18:46:38.931212,1,72.74,27.09,22.85,2.7
2024-07-02 18:51:38.931212,4,99.76,16.31,0.88,0.67
2024-07-02 18:56:38.931212,4,49.45,21.6,19.01,5.48
2024-07-02 19:01:38.931212,10,90.03,9.05,24.93,3.77
2024-07-02 19:06:38.931212,3,53.49,10.78,6.83,6.77
2024-07-02 19:11:38.931212,2,67.19,8.27,3.65,1.87
2024-07-02 19:16:38.931212,5,96.44,45.03,22.58,6.54
2024-07-02 19:21:38.931212,7,91.1,13.8,1.73,0.04
2024-07-02 19:26:38.931212,9,70.59,48.91,29.99,4.77
2024-07-02 19:31:38.931212,5,98.43,9.67,16.32,2.48
2024-07-02 19:36:38.931212,8,83.53,47.41,12.17,8.92
2024-07-02 19:41:38.931212,6,93.99,16.04,19.43,0.92
2024-07-02 19:46:38.931212,3,73.9,16.2,26.39,4.74
2024-07-02 19:51:38.931212,7,5.15,11.23,15.45,1.67
2024-07-02 19:56:38.931212,5,26.83,21.29,24.16,4.83
2024-07-02 20:01:38.931212,3,91.88,38.16,29.81,5.27
2024-07-02 20:06:38.931212,1,14.65,41.35,2.99,1.7
2024-07-02 20:11:38.931212,7,71.28,36.74,26.48,4.48
2024-07-02 20:16:38.931212,7,83.58,46.57,24.92,3.71
2024-07-02 20:21:38.931212,6,70.84,6.83,13.33,7.82
2024-07-02 20:26:38.931212,8,32.44,17.08,4.24,6.0
2024-07-02 20:31:38.931212,2,98.16,33.59,0.34,5.12
2024-07-02 20:36:38.931212,3,7.56,4.72,13.05,1.53
2024-07-02 20:41:38.931212,9,26.96,36.54,7.2,6.89
2024-07-02 20:46:38.931212,2,33.42,17.2,16.98,1.62
2024-07-02 20:51:38.931212,7,63.53,6.96,13.26,0.14
2024-07-02 20:56:38.931212,9,36.76,32.17,18.15,4.94
2024-07-02 21:01:38.931212,5,72.63,46.13,24.56,2.79
2024-07-02 21:06:38.931212,4,76.62,10.6,27.18,4.41
2024-07-02 21:11:38.931212,8,44.58,11.35,5.25,1.96
2024-07-02 21:16:38.931212,2,9.83,20.09,24.3,6.8
2024-07-02 21:21:38.931212,5,52.85,5.09,13.45,8.4
2024-07-02 21:26:38.931212,10,46.68,44.21,27.94,0.06
2024-07-02 21:31:38.931212,6,59.41,18.94,28.93,6.48
2024-07-02 21:36:38.931212,8,20.49,36.75,13.73,4.85
2024-07-02 21:41:38.931212,9,32.58,19.11,18.67,5.43
2024-07-02 21:46:38.931212,5,97.27,47.93,7.76,1.18
2024-07-02 21:51:38.931212,3,21.32,33.29,17.85,1.15
2024-07-02 21:56:38.931212,5,62.86,23.51,24.52,4.38
2024-07-02 22:01:38.931212,1,20.46,27.46,7.74,7.0
2024-07-02 22:06:38.931212,1,2.69,5.4,11.16,2.08
2024-07-02 22:11:38.931212,6,24.51,23.78,10.75,2.15
2024-07-02 22:16:38.931212,10,19.28,36.81,7.38,0.43
2024-07-02 22:21:38.931212,9,23.55,31.79,4.4,4.3
2024-07-02 22:26:38.931212,10,27.43,16.13,23.03,8.71
2024-07-02 22:31:38.931212,1,55.93,21.76,4.28,8.06
2024-07-02 22:36:38.931212,10,9.85,25.97,13.69,5.94
2024-07-02 22:41:38.931212,4,48.15,27.28,8.07,1.78
2024-07-02 22:46:38.931212,9,56.72,17.35,7.28,1.45
2024-07-02 22:51:38.931212,10,43.67,16.44,7.51,5.82
2024-07-02 22:56:38.931212,5,23.14,4.01,27.85,1.44
2024-07-02 23:01:38.931212,7,24.14,27.57,0.08,9.86
2024-07-02 23:06:38.931212,7,9.83,43.28,19.2,5.2
2024-07-02 23:11:38.931212,4,5.87,38.36,25.85,4.66
2024-07-02 23:16:38.931212,7,82.86,15.28,6.49,1.62
2024-07-02 23:21:38.931212,6,23.55,27.79,4.45,5.94
2024-07-02 23:26:38.931212,7,34.56,35.22,26.08,6.21
2024-07-02 23:31:38.931212,1,72.6,37.65,18.33,4.24
2024-07-02 23:36:38.931212,9,78.27,3.93,18.86,4.14
2024-07-02 23:41:38.931212,2,94.38,17.98,5.66,6.2
2024-07-02 23:46:38.931212,8,40.24,35.85,17.51,1.74
2024-07-02 23:51:38.931212,6,0.58,28.4,22.34,7.84
2024-07-02 23:56:38.931212,1,40.7,18.24,1.9,9.78
2024-07-03 00:01:38.931212,10,68.34,4.88,8.27,3.31
2024-07-03 00:06:38.931212,1,74.68,9.58,1.69,7.74
2024-07-03 00:11:38.931212,7,82.86,21.06,10.73,1.96
2024-07-03 00:16:38.931212,3,40.26,39.15,26.46,7.56
2024-07-03 00:21:38.931212,6,39.04,42.42,8.37,4.97
2024-07-03 00:26:38.931212,8,31.45,10.72,25.05,1.23
2024-07-03 00:31:38.931212,5,8.77,49.94,22.19,1.31
2024-07-03 00:36:38.931212,3,68.58,43.18,1.18,0.69
2024-07-03 00:41:38.931212,9,83.64,8.71,11.12,6.95
2024-07-03 00:46:38.931212,2,26.44,14.57,14.13,9.3
2024-07-03 00:51:38.931212,9,11.81,43.78,20.88,4.15
2024-07-03 00:56:38.931212,6,47.18,23.01,22.35,2.38
2024-07-03 01:01:38.931212,10,5.03,45.24,2.27,9.04
2024-07-03 01:06:38.931212,3,47.44,4.4,4.61,6.88
2024-07-03 01:11:38.931212,6,31.29,17.15,0.35,6.76
2024-07-03 01:16:38.931212,1,77.28,40.97,28.5,0.49
2024-07-03 01:21:38.931212,1,57.31,48.37,5.85,0.68
2024-07-03 01:26:38.931212,7,7.81,1.67,9.68,7.26
2024-07-03 01:31:38.931212,9,72.27,30.38,5.67,5.13
2024-07-03 01:36:38.931212,1,56.34,9.53,21.05,0.44
2024-07-03 01:41:38.931212,7,38.18,12.92,24.02,6.89
2024-07-03 01:46:38.931212,6,70.49,28.5,0.48,9.94
2024-07-03 01:51:38.931212,5,13.2,36.53,25.85,6.21
2024-07-03 01:56:38.931212,5,23.34,12.79,12.76,5.58
2024-07-03 02:01:38.931212,4,31.25,17.83,19.68,5.5
2024-07-03 02:06:38.931212,1,2.77,22.16,29.77,9.61
2024-07-03 02:11:38.931212,7,53.29,45.7,21.82,1.97
2024-07-03 02:16:38.931212,1,76.61,45.95,4.36,2.31
2024-07-03 02:21:38.931212,2,47.38,19.39,2.81,5.33
2024-07-03 02:26:38.931212,7,72.46,49.82,21.79,3.03
2024-07-03 02:31:38.931212,10,49.63,42.9,28.74,2.82
2024-07-03 02:36:38.931212,1,41.68,28.15,26.75,9.79
2024-07-03 02:41:38.931212,10,89.68,18.06,6.58,6.28
2024-07-03 02:46:38.931212,4,2.04,22.58,13.73,0.17
2024-07-03 02:51:38.931212,2,35.87,35.39,16.18,6.88
2024-07-03 02:56:38.931212,8,71.5,9.65,16.78,2.17
2024-07-03 03:01:38.931212,1,56.76,19.34,24.07,4.53
2024-07-03 03:06:38.931212,7,16.51,25.07,29.36,7.82
2024-07-03 03:11:38.931212,3,89.75,31.24,9.8,4.3
2024-07-03 03:16:38.931212,8,14.71,28.19,9.18,4.44
2024-07-03 03:21:38.931212,4,65.84,12.41,28.8,2.05
2024-07-03 03:26:38.931212,4,81.12,37.87,13.66,4.03
2024-07-03 03:31:38.931212,3,58.16,26.1,21.95,3.06
2024-07-03 03:36:38.931212,10,20.36,48.44,19.25,9.71
2024-07-03 03:41:38.931212,4,48.76,35.13,17.1,1.91
2024-07-03 03:46:38.931212,5,61.44,34.12,24.76,9.35
2024-07-03 03:51:38.931212,5,17.96,1.66,7.24,5.71
